amount demanded[w0,a1]
0	1
0.125	1
0.25	1
0.375	1
0.5	1
0.625	1
0.75	1
0.875	1
1	1
1.125	0.999999
1.25	0.999998
1.375	0.999996
1.5	0.999993
1.625	0.999987
1.75	0.999977
1.875	0.999958
2	0.999927
2.125	0.999874
2.25	0.999787
2.375	0.999645
2.5	0.99942
2.625	0.999068
2.75	0.99853
2.875	0.99772
3	0.996525
3.125	0.994794
3.25	0.992335
3.375	0.988906
3.5	0.984212
3.625	0.977907
3.75	0.969598
3.875	0.958848
4	0.945203
4.125	0.928204
4.25	0.907424
4.375	0.882495
4.5	0.853149
4.625	0.81925
4.75	0.780827
4.875	0.738091
5	0.691451
5.125	0.641504
5.25	0.589015
5.375	0.534873
5.5	0.480053
5.625	0.425627
5.75	0.372594
5.875	0.321872
6	0.274264
6.125	0.230415
6.25	0.190786
6.375	0.155643
6.5	0.125062
6.625	0.0989501
6.75	0.0770712
6.875	0.0590818
7	0.0445665
7.125	0.0330732
7.25	0.0241423
7.375	0.017332
7.5	0.0122354
7.625	0.00849244
7.75	0.00579477
7.875	0.00388668
8	0.00256221
8.125	0.00165998
8.25	0.00105682
8.375	0.000661113
8.5	0.000406342
8.625	0.000245368
8.75	0.000145555
8.875	8.48181e-05
9	4.8549e-05
9.125	2.72947e-05
9.25	1.50716e-05
9.375	8.17345e-06
9.5	4.35307e-06
9.625	2.27674e-06
9.75	1.16934e-06
9.875	5.89746e-07
10	2.92058e-07
10.125	1.42017e-07
10.25	6.78054e-08
10.375	3.17856e-08
10.5	1.46295e-08
10.625	6.61067e-09
10.75	2.93274e-09
10.875	1.27732e-09
11	5.46161e-10
11.125	2.29258e-10
11.25	9.44719e-11
11.375	3.82163e-11
11.5	1.5176e-11
11.625	5.91582e-12
11.75	2.26374e-12
11.875	8.5032e-13
12	3.13527e-13
amount demanded[w0,a2]
0	1
0.125	1
0.25	1
0.375	1
0.5	1
0.625	1
0.75	1
0.875	1
1	1
1.125	1
1.25	1
1.375	1
1.5	1
1.625	0.999999
1.75	0.999999
1.875	0.999997
2	0.999995
2.125	0.99999
2.25	0.999981
2.375	0.999966
2.5	0.99994
2.625	0.999897
2.75	0.999824
2.875	0.999705
3	0.999514
3.125	0.999214
3.25	0.998752
3.375	0.998052
3.5	0.997013
3.625	0.995497
3.75	0.993328
3.875	0.990282
4	0.986086
4.125	0.98041
4.25	0.972878
4.375	0.963068
4.5	0.950529
4.625	0.934802
4.75	0.915443
4.875	0.892059
5	0.864343
5.125	0.832106
5.25	0.795313
5.375	0.754108
5.5	0.708829
5.625	0.660004
5.75	0.608342
5.875	0.554692
6	0.5
6.125	0.445308
6.25	0.391658
6.375	0.339996
6.5	0.291171
6.625	0.245892
6.75	0.204687
6.875	0.167894
7	0.135657
7.125	0.10794
7.25	0.0845572
7.375	0.0651984
7.5	0.0494709
7.625	0.0369321
7.75	0.0271219
7.875	0.0195897
8	0.0139142
8.125	0.00971751
8.25	0.00667205
8.375	0.00450319
8.5	0.00298739
8.625	0.00194773
8.75	0.00124793
8.875	0.000785674
9	0.000486012
9.125	0.000295375
9.25	0.000176356
9.375	0.000103436
9.5	5.95927e-05
9.625	3.37231e-05
9.75	1.87436e-05
9.875	1.02318e-05
10	5.4853e-06
10.125	2.8879e-06
10.25	1.49308e-06
10.375	7.58021e-07
10.5	3.77891e-07
10.625	1.84979e-07
10.75	8.89076e-08
10.875	4.19566e-08
11	1.944e-08
11.125	8.84336e-09
11.25	3.94959e-09
11.375	1.73177e-09
11.5	7.45457e-10
11.625	3.15023e-10
11.75	1.30689e-10
11.875	5.3224e-11
12	2.12784e-11
amount demanded[w1,a1]
0	1
0.125	1
0.25	1
0.375	1
0.5	1
0.625	1
0.75	1
0.875	1
1	1
1.125	0.999999
1.25	0.999998
1.375	0.999996
1.5	0.999993
1.625	0.999987
1.75	0.999977
1.875	0.999958
2	0.999927
2.125	0.999874
2.25	0.999787
2.375	0.999645
2.5	0.99942
2.625	0.999068
2.75	0.99853
2.875	0.99772
3	0.996525
3.125	0.994794
3.25	0.992335
3.375	0.988906
3.5	0.984212
3.625	0.977907
3.75	0.969598
3.875	0.958848
4	0.945203
4.125	0.928204
4.25	0.907424
4.375	0.882495
4.5	0.853149
4.625	0.81925
4.75	0.780827
4.875	0.738091
5	0.691451
5.125	0.641504
5.25	0.589015
5.375	0.534873
5.5	0.480053
5.625	0.425627
5.75	0.372594
5.875	0.321872
6	0.274264
6.125	0.230415
6.25	0.190786
6.375	0.155643
6.5	0.125062
6.625	0.0989501
6.75	0.0770712
6.875	0.0590818
7	0.0445665
7.125	0.0330732
7.25	0.0241423
7.375	0.017332
7.5	0.0122354
7.625	0.00849244
7.75	0.00579477
7.875	0.00388668
8	0.00256221
8.125	0.00165998
8.25	0.00105682
8.375	0.000661113
8.5	0.000406342
8.625	0.000245368
8.75	0.000145555
8.875	8.48181e-05
9	4.8549e-05
9.125	2.72947e-05
9.25	1.50716e-05
9.375	8.17345e-06
9.5	4.35307e-06
9.625	2.27674e-06
9.75	1.16934e-06
9.875	5.89746e-07
10	2.92058e-07
10.125	1.42017e-07
10.25	6.78054e-08
10.375	3.17856e-08
10.5	1.46295e-08
10.625	6.61067e-09
10.75	2.93274e-09
10.875	1.27732e-09
11	5.46161e-10
11.125	2.29258e-10
11.25	9.44719e-11
11.375	3.82163e-11
11.5	1.5176e-11
11.625	5.91582e-12
11.75	2.26374e-12
11.875	8.5032e-13
12	3.13527e-13
amount demanded[w1,a2]
0	1
0.125	1
0.25	1
0.375	1
0.5	1
0.625	1
0.75	1
0.875	1
1	1
1.125	1
1.25	1
1.375	1
1.5	1
1.625	0.999999
1.75	0.999999
1.875	0.999997
2	0.999995
2.125	0.99999
2.25	0.999981
2.375	0.999966
2.5	0.99994
2.625	0.999897
2.75	0.999824
2.875	0.999705
3	0.999514
3.125	0.999214
3.25	0.998752
3.375	0.998052
3.5	0.997013
3.625	0.995497
3.75	0.993328
3.875	0.990282
4	0.986086
4.125	0.98041
4.25	0.972878
4.375	0.963068
4.5	0.950529
4.625	0.934802
4.75	0.915443
4.875	0.892059
5	0.864343
5.125	0.832106
5.25	0.795313
5.375	0.754108
5.5	0.708829
5.625	0.660004
5.75	0.608342
5.875	0.554692
6	0.5
6.125	0.445308
6.25	0.391658
6.375	0.339996
6.5	0.291171
6.625	0.245892
6.75	0.204687
6.875	0.167894
7	0.135657
7.125	0.10794
7.25	0.0845572
7.375	0.0651984
7.5	0.0494709
7.625	0.0369321
7.75	0.0271219
7.875	0.0195897
8	0.0139142
8.125	0.00971751
8.25	0.00667205
8.375	0.00450319
8.5	0.00298739
8.625	0.00194773
8.75	0.00124793
8.875	0.000785674
9	0.000486012
9.125	0.000295375
9.25	0.000176356
9.375	0.000103436
9.5	5.95927e-05
9.625	3.37231e-05
9.75	1.87436e-05
9.875	1.02318e-05
10	5.4853e-06
10.125	2.8879e-06
10.25	1.49308e-06
10.375	7.58021e-07
10.5	3.77891e-07
10.625	1.84979e-07
10.75	8.89076e-08
10.875	4.19566e-08
11	1.944e-08
11.125	8.84336e-09
11.25	3.94959e-09
11.375	1.73177e-09
11.5	7.45457e-10
11.625	3.15023e-10
11.75	1.30689e-10
11.875	5.3224e-11
12	2.12784e-11
amount demanded[w2,a1]
0	1
0.125	1
0.25	1
0.375	1
0.5	1
0.625	1
0.75	1
0.875	1
1	1
1.125	0.999999
1.25	0.999998
1.375	0.999996
1.5	0.999993
1.625	0.999987
1.75	0.999977
1.875	0.999958
2	0.999927
2.125	0.999874
2.25	0.999787
2.375	0.999645
2.5	0.99942
2.625	0.999068
2.75	0.99853
2.875	0.99772
3	0.996525
3.125	0.994794
3.25	0.992335
3.375	0.988906
3.5	0.984212
3.625	0.977907
3.75	0.969598
3.875	0.958848
4	0.945203
4.125	0.928204
4.25	0.907424
4.375	0.882495
4.5	0.853149
4.625	0.81925
4.75	0.780827
4.875	0.738091
5	0.691451
5.125	0.641504
5.25	0.589015
5.375	0.534873
5.5	0.480053
5.625	0.425627
5.75	0.372594
5.875	0.321872
6	0.274264
6.125	0.230415
6.25	0.190786
6.375	0.155643
6.5	0.125062
6.625	0.0989501
6.75	0.0770712
6.875	0.0590818
7	0.0445665
7.125	0.0330732
7.25	0.0241423
7.375	0.017332
7.5	0.0122354
7.625	0.00849244
7.75	0.00579477
7.875	0.00388668
8	0.00256221
8.125	0.00165998
8.25	0.00105682
8.375	0.000661113
8.5	0.000406342
8.625	0.000245368
8.75	0.000145555
8.875	8.48181e-05
9	4.8549e-05
9.125	2.72947e-05
9.25	1.50716e-05
9.375	8.17345e-06
9.5	4.35307e-06
9.625	2.27674e-06
9.75	1.16934e-06
9.875	5.89746e-07
10	2.92058e-07
10.125	1.42017e-07
10.25	6.78054e-08
10.375	3.17856e-08
10.5	1.46295e-08
10.625	6.61067e-09
10.75	2.93274e-09
10.875	1.27732e-09
11	5.46161e-10
11.125	2.29258e-10
11.25	9.44719e-11
11.375	3.82163e-11
11.5	1.5176e-11
11.625	5.91582e-12
11.75	2.26374e-12
11.875	8.5032e-13
12	3.13527e-13
amount demanded[w2,a2]
0	1
0.125	1
0.25	1
0.375	1
0.5	1
0.625	1
0.75	1
0.875	1
1	1
1.125	1
1.25	1
1.375	1
1.5	1
1.625	0.999999
1.75	0.999999
1.875	0.999997
2	0.999995
2.125	0.99999
2.25	0.999981
2.375	0.999966
2.5	0.99994
2.625	0.999897
2.75	0.999824
2.875	0.999705
3	0.999514
3.125	0.999214
3.25	0.998752
3.375	0.998052
3.5	0.997013
3.625	0.995497
3.75	0.993328
3.875	0.990282
4	0.986086
4.125	0.98041
4.25	0.972878
4.375	0.963068
4.5	0.950529
4.625	0.934802
4.75	0.915443
4.875	0.892059
5	0.864343
5.125	0.832106
5.25	0.795313
5.375	0.754108
5.5	0.708829
5.625	0.660004
5.75	0.608342
5.875	0.554692
6	0.5
6.125	0.445308
6.25	0.391658
6.375	0.339996
6.5	0.291171
6.625	0.245892
6.75	0.204687
6.875	0.167894
7	0.135657
7.125	0.10794
7.25	0.0845572
7.375	0.0651984
7.5	0.0494709
7.625	0.0369321
7.75	0.0271219
7.875	0.0195897
8	0.0139142
8.125	0.00971751
8.25	0.00667205
8.375	0.00450319
8.5	0.00298739
8.625	0.00194773
8.75	0.00124793
8.875	0.000785674
9	0.000486012
9.125	0.000295375
9.25	0.000176356
9.375	0.000103436
9.5	5.95927e-05
9.625	3.37231e-05
9.75	1.87436e-05
9.875	1.02318e-05
10	5.4853e-06
10.125	2.8879e-06
10.25	1.49308e-06
10.375	7.58021e-07
10.5	3.77891e-07
10.625	1.84979e-07
10.75	8.89076e-08
10.875	4.19566e-08
11	1.944e-08
11.125	8.84336e-09
11.25	3.94959e-09
11.375	1.73177e-09
11.5	7.45457e-10
11.625	3.15023e-10
11.75	1.30689e-10
11.875	5.3224e-11
12	2.12784e-11
amount demanded[w3,a1]
0	1
0.125	1
0.25	1
0.375	1
0.5	1
0.625	1
0.75	1
0.875	1
1	1
1.125	0.999999
1.25	0.999998
1.375	0.999996
1.5	0.999993
1.625	0.999987
1.75	0.999977
1.875	0.999958
2	0.999927
2.125	0.999874
2.25	0.999787
2.375	0.999645
2.5	0.99942
2.625	0.999068
2.75	0.99853
2.875	0.99772
3	0.996525
3.125	0.994794
3.25	0.992335
3.375	0.988906
3.5	0.984212
3.625	0.977907
3.75	0.969598
3.875	0.958848
4	0.945203
4.125	0.928204
4.25	0.907424
4.375	0.882495
4.5	0.853149
4.625	0.81925
4.75	0.780827
4.875	0.738091
5	0.691451
5.125	0.641504
5.25	0.589015
5.375	0.534873
5.5	0.480053
5.625	0.425627
5.75	0.372594
5.875	0.321872
6	0.274264
6.125	0.230415
6.25	0.190786
6.375	0.155643
6.5	0.125062
6.625	0.0989501
6.75	0.0770712
6.875	0.0590818
7	0.0445665
7.125	0.0330732
7.25	0.0241423
7.375	0.017332
7.5	0.0122354
7.625	0.00849244
7.75	0.00579477
7.875	0.00388668
8	0.00256221
8.125	0.00165998
8.25	0.00105682
8.375	0.000661113
8.5	0.000406342
8.625	0.000245368
8.75	0.000145555
8.875	8.48181e-05
9	4.8549e-05
9.125	2.72947e-05
9.25	1.50716e-05
9.375	8.17345e-06
9.5	4.35307e-06
9.625	2.27674e-06
9.75	1.16934e-06
9.875	5.89746e-07
10	2.92058e-07
10.125	1.42017e-07
10.25	6.78054e-08
10.375	3.17856e-08
10.5	1.46295e-08
10.625	6.61067e-09
10.75	2.93274e-09
10.875	1.27732e-09
11	5.46161e-10
11.125	2.29258e-10
11.25	9.44719e-11
11.375	3.82163e-11
11.5	1.5176e-11
11.625	5.91582e-12
11.75	2.26374e-12
11.875	8.5032e-13
12	3.13527e-13
amount demanded[w3,a2]
0	1
0.125	1
0.25	1
0.375	1
0.5	1
0.625	1
0.75	1
0.875	1
1	1
1.125	1
1.25	1
1.375	1
1.5	1
1.625	0.999999
1.75	0.999999
1.875	0.999997
2	0.999995
2.125	0.99999
2.25	0.999981
2.375	0.999966
2.5	0.99994
2.625	0.999897
2.75	0.999824
2.875	0.999705
3	0.999514
3.125	0.999214
3.25	0.998752
3.375	0.998052
3.5	0.997013
3.625	0.995497
3.75	0.993328
3.875	0.990282
4	0.986086
4.125	0.98041
4.25	0.972878
4.375	0.963068
4.5	0.950529
4.625	0.934802
4.75	0.915443
4.875	0.892059
5	0.864343
5.125	0.832106
5.25	0.795313
5.375	0.754108
5.5	0.708829
5.625	0.660004
5.75	0.608342
5.875	0.554692
6	0.5
6.125	0.445308
6.25	0.391658
6.375	0.339996
6.5	0.291171
6.625	0.245892
6.75	0.204687
6.875	0.167894
7	0.135657
7.125	0.10794
7.25	0.0845572
7.375	0.0651984
7.5	0.0494709
7.625	0.0369321
7.75	0.0271219
7.875	0.0195897
8	0.0139142
8.125	0.00971751
8.25	0.00667205
8.375	0.00450319
8.5	0.00298739
8.625	0.00194773
8.75	0.00124793
8.875	0.000785674
9	0.000486012
9.125	0.000295375
9.25	0.000176356
9.375	0.000103436
9.5	5.95927e-05
9.625	3.37231e-05
9.75	1.87436e-05
9.875	1.02318e-05
10	5.4853e-06
10.125	2.8879e-06
10.25	1.49308e-06
10.375	7.58021e-07
10.5	3.77891e-07
10.625	1.84979e-07
10.75	8.89076e-08
10.875	4.19566e-08
11	1.944e-08
11.125	8.84336e-09
11.25	3.94959e-09
11.375	1.73177e-09
11.5	7.45457e-10
11.625	3.15023e-10
11.75	1.30689e-10
11.875	5.3224e-11
12	2.12784e-11
amount demanded[w4,a1]
0	1
0.125	1
0.25	1
0.375	1
0.5	1
0.625	1
0.75	1
0.875	1
1	1
1.125	0.999999
1.25	0.999998
1.375	0.999996
1.5	0.999993
1.625	0.999987
1.75	0.999977
1.875	0.999958
2	0.999927
2.125	0.999874
2.25	0.999787
2.375	0.999645
2.5	0.99942
2.625	0.999068
2.75	0.99853
2.875	0.99772
3	0.996525
3.125	0.994794
3.25	0.992335
3.375	0.988906
3.5	0.984212
3.625	0.977907
3.75	0.969598
3.875	0.958848
4	0.945203
4.125	0.928204
4.25	0.907424
4.375	0.882495
4.5	0.853149
4.625	0.81925
4.75	0.780827
4.875	0.738091
5	0.691451
5.125	0.641504
5.25	0.589015
5.375	0.534873
5.5	0.480053
5.625	0.425627
5.75	0.372594
5.875	0.321872
6	0.274264
6.125	0.230415
6.25	0.190786
6.375	0.155643
6.5	0.125062
6.625	0.0989501
6.75	0.0770712
6.875	0.0590818
7	0.0445666
7.125	0.0330732
7.25	0.0241423
7.375	0.017332
7.5	0.0122354
7.625	0.00849244
7.75	0.00579477
7.875	0.00388668
8	0.00256221
8.125	0.00165998
8.25	0.00105682
8.375	0.000661113
8.5	0.000406342
8.625	0.000245368
8.75	0.000145555
8.875	8.48182e-05
9	4.8549e-05
9.125	2.72947e-05
9.25	1.50716e-05
9.375	8.17345e-06
9.5	4.35307e-06
9.625	2.27674e-06
9.75	1.16934e-06
9.875	5.89746e-07
10	2.92058e-07
10.125	1.42017e-07
10.25	6.78054e-08
10.375	3.17856e-08
10.5	1.46295e-08
10.625	6.61067e-09
10.75	2.93274e-09
10.875	1.27732e-09
11	5.46161e-10
11.125	2.29258e-10
11.25	9.44719e-11
11.375	3.82163e-11
11.5	1.5176e-11
11.625	5.91582e-12
11.75	2.26374e-12
11.875	8.5032e-13
12	3.13527e-13
amount demanded[w4,a2]
0	1
0.125	1
0.25	1
0.375	1
0.5	1
0.625	1
0.75	1
0.875	1
1	1
1.125	1
1.25	1
1.375	1
1.5	1
1.625	0.999999
1.75	0.999999
1.875	0.999997
2	0.999995
2.125	0.99999
2.25	0.999981
2.375	0.999966
2.5	0.99994
2.625	0.999897
2.75	0.999824
2.875	0.999705
3	0.999514
3.125	0.999214
3.25	0.998752
3.375	0.998052
3.5	0.997013
3.625	0.995497
3.75	0.993328
3.875	0.990282
4	0.986086
4.125	0.98041
4.25	0.972878
4.375	0.963068
4.5	0.950529
4.625	0.934802
4.75	0.915443
4.875	0.892059
5	0.864343
5.125	0.832106
5.25	0.795313
5.375	0.754108
5.5	0.708829
5.625	0.660004
5.75	0.608342
5.875	0.554692
6	0.5
6.125	0.445308
6.25	0.391658
6.375	0.339996
6.5	0.291171
6.625	0.245892
6.75	0.204687
6.875	0.167894
7	0.135657
7.125	0.107941
7.25	0.0845572
7.375	0.0651984
7.5	0.0494709
7.625	0.0369321
7.75	0.0271219
7.875	0.0195897
8	0.0139142
8.125	0.00971751
8.25	0.00667205
8.375	0.00450319
8.5	0.00298739
8.625	0.00194773
8.75	0.00124793
8.875	0.000785674
9	0.000486012
9.125	0.000295375
9.25	0.000176356
9.375	0.000103436
9.5	5.95927e-05
9.625	3.37231e-05
9.75	1.87436e-05
9.875	1.02318e-05
10	5.4853e-06
10.125	2.8879e-06
10.25	1.49308e-06
10.375	7.58021e-07
10.5	3.77891e-07
10.625	1.84979e-07
10.75	8.89076e-08
10.875	4.19566e-08
11	1.944e-08
11.125	8.84337e-09
11.25	3.94959e-09
11.375	1.73177e-09
11.5	7.45457e-10
11.625	3.15023e-10
11.75	1.30689e-10
11.875	5.3224e-11
12	2.12784e-11
amount demanded[w5,a1]
0	1
0.125	0.999999
0.25	0.999999
0.375	0.999998
0.5	0.999997
0.625	0.999995
0.75	0.999992
0.875	0.999986
1	0.999978
1.125	0.999964
1.25	0.999941
1.375	0.999907
1.5	0.999854
1.625	0.999775
1.75	0.999656
1.875	0.999481
2	0.999225
2.125	0.998859
2.25	0.99834
2.375	0.997614
2.5	0.996611
2.625	0.995244
2.75	0.993405
2.875	0.990964
3	0.987765
3.125	0.983626
3.25	0.978342
3.375	0.971684
3.5	0.963403
3.625	0.953237
3.75	0.940918
3.875	0.926187
4	0.908798
4.125	0.888541
4.25	0.865249
4.375	0.838817
4.5	0.809214
4.625	0.776493
4.75	0.740797
4.875	0.702366
5	0.66153
5.125	0.618704
5.25	0.574373
5.375	0.529074
5.5	0.483378
5.625	0.437909
5.75	0.393259
5.875	0.349972
6	0.308549
6.125	0.269425
6.25	0.232956
6.375	0.199405
6.5	0.168942
6.625	0.141646
6.75	0.117505
6.875	0.0964342
7	0.0782826
7.125	0.0628495
7.25	0.0498984
7.375	0.0391715
7.5	0.0304025
7.625	0.0233269
7.75	0.017692
7.875	0.0132627
8	0.00982624
8.125	0.00719466
8.25	0.00520561
8.375	0.00372171
8.5	0.00262904
8.625	0.00183489
8.75	0.00126521
8.875	0.00086184
9	0.000579945
9.125	0.000385498
9.25	0.000253113
9.375	0.000164153
9.5	0.00010515
9.625	6.6524e-05
9.75	4.15666e-05
9.875	2.56504e-05
10	1.5632e-05
10.125	9.40791e-06
10.25	5.59139e-06
10.375	3.28159e-06
10.5	1.90185e-06
10.625	1.0884e-06
10.75	6.15045e-07
10.875	3.43184e-07
11	1.89078e-07
11.125	1.02858e-07
11.25	5.52481e-08
11.375	2.92999e-08
11.5	1.53419e-08
11.625	7.93143e-09
11.75	4.04834e-09
11.875	2.04009e-09
12	1.015e-09
amount demanded[w5,a2]
0	1
0.125	1
0.25	1
0.375	1
0.5	1
0.625	1
0.75	0.999999
0.875	0.999999
1	0.999998
1.125	0.999996
1.25	0.999993
1.375	0.999989
1.5	0.999981
1.625	0.999969
1.75	0.999951
1.875	0.999921
2	0.999876
2.125	0.999808
2.25	0.999705
2.375	0.999552
2.5	0.999329
2.625	0.999008
2.75	0.99855
2.875	0.997906
3	0.997013
3.125	0.995789
3.25	0.994136
3.375	0.991931
3.5	0.989027
3.625	0.985252
3.75	0.98041
3.875	0.97428
4	0.966618
4.125	0.957168
4.25	0.945663
4.375	0.931839
4.5	0.915443
4.625	0.896251
4.75	0.874078
4.875	0.848796
5	0.820345
5.125	0.788745
5.25	0.754108
5.375	0.716638
5.5	0.676633
5.625	0.634478
5.75	0.590634
5.875	0.545623
6	0.5
6.125	0.454377
6.25	0.409366
6.375	0.365522
6.5	0.323367
6.625	0.283362
6.75	0.245892
6.875	0.211255
7	0.179655
7.125	0.151204
7.25	0.125922
7.375	0.103749
7.5	0.0845572
7.625	0.0681613
7.75	0.0543366
7.875	0.0428316
8	0.0333815
8.125	0.0257202
8.25	0.0195897
8.375	0.0147478
8.5	0.0109734
8.625	0.00806927
8.75	0.00586375
8.875	0.00421053
9	0.00298739
9.125	0.00209418
9.25	0.00145038
9.375	0.000992362
9.5	0.000670751
9.625	0.000447853
9.75	0.000295374
9.875	0.000192423
10	0.000123815
10.125	7.86873e-05
10.25	4.93898e-05
10.375	3.06167e-05
10.5	1.87436e-05
10.625	1.13322e-05
10.75	6.76587e-06
10.875	3.98911e-06
11	2.32252e-06
11.125	1.33525e-06
11.25	7.58021e-07
11.375	4.24915e-07
11.5	2.3519e-07
11.625	1.28536e-07
11.75	6.93602e-08
11.875	3.69547e-08
12	1.944e-08
amount demanded[w6,a1]
0	0.998645
0.125	0.998306
0.25	0.997892
0.375	0.997388
0.5	0.996777
0.625	0.996041
0.75	0.995157
0.875	0.994101
1	0.992847
1.125	0.991362
1.25	0.989614
1.375	0.987565
1.5	0.985174
1.625	0.982399
1.75	0.979191
1.875	0.975501
2	0.971277
2.125	0.966463
2.25	0.961005
2.375	0.954843
2.5	0.94792
2.625	0.940179
2.75	0.931564
2.875	0.922022
3	0.911501
3.125	0.899957
3.25	0.88735
3.375	0.873646
3.5	0.858821
3.625	0.842859
3.75	0.825753
3.875	0.807509
4	0.788142
4.125	0.767681
4.25	0.746166
4.375	0.72365
4.5	0.700197
4.625	0.675884
4.75	0.650799
4.875	0.625039
5	0.598709
5.125	0.571922
5.25	0.544797
5.375	0.517454
5.5	0.490027
5.625	0.462643
5.75	0.435447
5.875	0.408557
6	0.382091
6.125	0.356164
6.25	0.330884
6.375	0.306352
6.5	0.282657
6.625	0.259878
6.75	0.238084
6.875	0.217331
7	0.197662
7.125	0.17911
7.25	0.161693
7.375	0.145419
7.5	0.130285
7.625	0.116278
7.75	0.103374
7.875	0.0915441
8	0.0807487
8.125	0.0709441
8.25	0.0620813
8.375	0.0541075
8.5	0.0469674
8.625	0.0406038
8.75	0.0349589
8.875	0.0299752
9	0.0255958
9.125	0.0217656
9.25	0.0184314
9.375	0.0155426
9.5	0.0130515
9.625	0.0109134
9.75	0.00908691
9.875	0.00753393
10	0.00621972
10.125	0.00511277
10.25	0.00418479
10.375	0.00341048
10.5	0.00276744
10.625	0.00223591
10.75	0.00179863
10.875	0.00144056
11	0.00114874
11.125	0.000912029
11.25	0.000720918
11.375	0.000567348
11.5	0.000444525
11.625	0.000346755
11.75	0.000269292
11.875	0.000208207
12	0.000160264
amount demanded[w6,a2]
0	0.999514
0.125	0.999381
0.25	0.999214
0.375	0.999008
0.5	0.998752
0.625	0.998438
0.75	0.998052
0.875	0.997583
1	0.997013
1.125	0.996324
1.25	0.995497
1.375	0.994507
1.5	0.993328
1.625	0.991931
1.75	0.990282
1.875	0.988347
2	0.986086
2.125	0.983455
2.25	0.98041
2.375	0.976902
2.5	0.972878
2.625	0.968285
2.75	0.963068
2.875	0.957168
3	0.950529
3.125	0.943092
3.25	0.934802
3.375	0.925602
3.5	0.915443
3.625	0.904276
3.75	0.892059
3.875	0.878758
4	0.864343
4.125	0.848796
4.25	0.832106
4.375	0.814274
4.5	0.795313
4.625	0.775246
4.75	0.754108
4.875	0.731949
5	0.708829
5.125	0.684819
5.25	0.660004
5.375	0.634478
5.5	0.608342
5.625	0.581708
5.75	0.554692
5.875	0.527415
6	0.5
6.125	0.472585
6.25	0.445308
6.375	0.418292
6.5	0.391658
6.625	0.365522
6.75	0.339996
6.875	0.315181
7	0.291171
7.125	0.268051
7.25	0.245892
7.375	0.224754
7.5	0.204687
7.625	0.185726
7.75	0.167894
7.875	0.151204
8	0.135657
8.125	0.121242
8.25	0.107941
8.375	0.0957241
8.5	0.0845572
8.625	0.0743978
8.75	0.0651984
8.875	0.0569077
9	0.0494709
9.125	0.0428316
9.25	0.0369321
9.375	0.0317146
9.5	0.0271219
9.625	0.0230983
9.75	0.0195897
9.875	0.0165446
10	0.0139142
10.125	0.0116527
10.25	0.00971751
10.375	0.00806927
10.5	0.00667205
10.625	0.00549317
10.75	0.00450319
10.875	0.00367574
11	0.00298739
11.125	0.00241743
11.25	0.00194773
11.375	0.00156246
11.5	0.00124793
11.625	0.000992363
11.75	0.000785674
11.875	0.000619302
12	0.000486012
amount demanded[w7,a1]
0	0.617909
0.125	0.615285
0.25	0.612656
0.375	0.610021
0.5	0.607382
0.625	0.604737
0.75	0.602087
0.875	0.599433
1	0.596774
1.125	0.594111
1.25	0.591443
1.375	0.588772
1.5	0.586096
1.625	0.583415
1.75	0.580732
1.875	0.578044
2	0.575352
2.125	0.572657
2.25	0.569959
2.375	0.567258
2.5	0.564553
2.625	0.561845
2.75	0.559134
2.875	0.55642
3	0.553704
3.125	0.550985
3.25	0.548264
3.375	0.54554
3.5	0.542814
3.625	0.540086
3.75	0.537357
3.875	0.534625
4	0.531891
4.125	0.529156
4.25	0.52642
4.375	0.523682
4.5	0.520943
4.625	0.518202
4.75	0.515459
4.875	0.512716
5	0.509973
5.125	0.507231
5.25	0.504488
5.375	0.501745
5.5	0.499003
5.625	0.49626
5.75	0.493517
5.875	0.490775
6	0.488032
6.125	0.485289
6.25	0.482546
6.375	0.479804
6.5	0.477065
6.625	0.474327
6.75	0.47159
6.875	0.468854
7	0.46612
7.125	0.463388
7.25	0.460658
7.375	0.457929
7.5	0.455203
7.625	0.452479
7.75	0.449757
7.875	0.447037
8	0.44432
8.125	0.441606
8.25	0.438894
8.375	0.436186
8.5	0.43348
8.625	0.430777
8.75	0.428078
8.875	0.425382
9	0.42269
9.125	0.420001
9.25	0.417316
9.375	0.414635
9.5	0.411958
9.625	0.409285
9.75	0.406616
9.875	0.403952
10	0.401291
10.125	0.398636
10.25	0.395985
10.375	0.393339
10.5	0.390698
10.625	0.388062
10.75	0.385431
10.875	0.382806
11	0.380185
11.125	0.377571
11.25	0.374961
11.375	0.372358
11.5	0.36976
11.625	0.367169
11.75	0.364583
11.875	0.362003
12	0.35943
amount demanded[w7,a2]
0	0.629296
0.125	0.626696
0.25	0.62409
0.375	0.621479
0.5	0.618862
0.625	0.61624
0.75	0.613613
0.875	0.61098
1	0.608342
1.125	0.605699
1.25	0.603051
1.375	0.600399
1.5	0.597742
1.625	0.59508
1.75	0.592414
1.875	0.589744
2	0.587069
2.125	0.58439
2.25	0.581708
2.375	0.579022
2.5	0.576332
2.625	0.573638
2.75	0.570941
2.875	0.56824
3	0.565537
3.125	0.56283
3.25	0.56012
3.375	0.557407
3.5	0.554692
3.625	0.551974
3.75	0.549254
3.875	0.546531
4	0.543806
4.125	0.541079
4.25	0.53835
4.375	0.535618
4.5	0.532886
4.625	0.530151
4.75	0.527415
4.875	0.524678
5	0.521939
5.125	0.519199
5.25	0.516456
5.375	0.513714
5.5	0.510971
5.625	0.508228
5.75	0.505485
5.875	0.502743
6	0.5
6.125	0.497257
6.25	0.494515
6.375	0.491772
6.5	0.489029
6.625	0.486286
6.75	0.483544
6.875	0.480801
7	0.478061
7.125	0.475322
7.25	0.472585
7.375	0.469849
7.5	0.467114
7.625	0.464382
7.75	0.46165
7.875	0.458921
8	0.456194
8.125	0.453469
8.25	0.450746
8.375	0.448026
8.5	0.445308
8.625	0.442593
8.75	0.43988
8.875	0.43717
9	0.434463
9.125	0.43176
9.25	0.429059
9.375	0.426362
9.5	0.423668
9.625	0.420978
9.75	0.418292
9.875	0.41561
10	0.412931
10.125	0.410256
10.25	0.407586
10.375	0.40492
10.5	0.402258
10.625	0.399601
10.75	0.396949
10.875	0.394301
11	0.391658
11.125	0.38902
11.25	0.386387
11.375	0.38376
11.5	0.381138
11.625	0.378521
11.75	0.37591
11.875	0.373304
12	0.370704
amount supplied[w0,a1]
0	1.015e-09
0.125	2.34218e-09
0.25	5.30607e-09
0.375	1.18014e-08
0.5	2.57698e-08
0.625	5.52481e-08
0.75	1.16295e-07
0.875	2.40357e-07
1	4.87771e-07
1.125	9.71966e-07
1.25	1.90185e-06
1.375	3.65434e-06
1.5	6.89548e-06
1.625	1.27779e-05
1.75	2.32548e-05
1.875	4.15666e-05
2	7.29754e-05
2.125	0.000125844
2.25	0.000213173
2.375	0.000354739
2.5	0.000579945
2.625	0.000931532
2.75	0.00147019
2.875	0.0022801
3	0.00347513
3.125	0.00520561
3.25	0.00766475
3.375	0.0110943
3.5	0.0157881
3.625	0.0220925
3.75	0.0304025
3.875	0.0411517
4	0.0547971
4.125	0.0717957
4.25	0.0925762
4.375	0.117505
4.5	0.146851
4.625	0.18075
4.75	0.219173
4.875	0.261909
5	0.308549
5.125	0.358496
5.25	0.410985
5.375	0.465127
5.5	0.519947
5.625	0.574373
5.75	0.627406
5.875	0.678128
6	0.725736
6.125	0.769585
6.25	0.809214
6.375	0.844357
6.5	0.874938
6.625	0.90105
6.75	0.922929
6.875	0.940918
7	0.955433
7.125	0.966927
7.25	0.975858
7.375	0.982668
7.5	0.987765
7.625	0.991508
7.75	0.994205
7.875	0.996113
8	0.997438
8.125	0.99834
8.25	0.998943
8.375	0.999339
8.5	0.999594
8.625	0.999755
8.75	0.999854
8.875	0.999915
9	0.999951
9.125	0.999973
9.25	0.999985
9.375	0.999992
9.5	0.999996
9.625	0.999998
9.75	0.999999
9.875	0.999999
10	1
10.125	1
10.25	1
10.375	1
10.5	1
10.625	1
10.75	1
10.875	1
11	1
11.125	1
11.25	1
11.375	1
11.5	1
11.625	1
11.75	1
11.875	1
12	1
amount supplied[w0,a2]
0	2.12784e-11
0.125	5.3224e-11
0.25	1.30689e-10
0.375	3.15023e-10
0.5	7.45457e-10
0.625	1.73177e-09
0.75	3.94959e-09
0.875	8.84337e-09
1	1.944e-08
1.125	4.19566e-08
1.25	8.89076e-08
1.375	1.84979e-07
1.5	3.77891e-07
1.625	7.58021e-07
1.75	1.49308e-06
1.875	2.8879e-06
2	5.4853e-06
2.125	1.02318e-05
2.25	1.87436e-05
2.375	3.37231e-05
2.5	5.95927e-05
2.625	0.000103436
2.75	0.000176356
2.875	0.000295375
3	0.000486012
3.125	0.000785674
3.25	0.00124793
3.375	0.00194773
3.5	0.00298739
3.625	0.00450319
3.75	0.00667205
3.875	0.00971751
4	0.0139142
4.125	0.0195897
4.25	0.0271219
4.375	0.0369321
4.5	0.0494709
4.625	0.0651984
4.75	0.0845572
4.875	0.107941
5	0.135657
5.125	0.167894
5.25	0.204687
5.375	0.245892
5.5	0.291171
5.625	0.339996
5.75	0.391658
5.875	0.445308
6	0.5
6.125	0.554692
6.25	0.608342
6.375	0.660004
6.5	0.708829
6.625	0.754108
6.75	0.795313
6.875	0.832106
7	0.864343
7.125	0.89206
7.25	0.915443
7.375	0.934802
7.5	0.950529
7.625	0.963068
7.75	0.972878
7.875	0.98041
8	0.986086
8.125	0.990282
8.25	0.993328
8.375	0.995497
8.5	0.997013
8.625	0.998052
8.75	0.998752
8.875	0.999214
9	0.999514
9.125	0.999705
9.25	0.999824
9.375	0.999897
9.5	0.99994
9.625	0.999966
9.75	0.999981
9.875	0.99999
10	0.999995
10.125	0.999997
10.25	0.999999
10.375	0.999999
10.5	1
10.625	1
10.75	1
10.875	1
11	1
11.125	1
11.25	1
11.375	1
11.5	1
11.625	1
11.75	1
11.875	1
12	1
amount supplied[w1,a1]
0	1.015e-09
0.125	2.34218e-09
0.25	5.30607e-09
0.375	1.18014e-08
0.5	2.57698e-08
0.625	5.52481e-08
0.75	1.16295e-07
0.875	2.40357e-07
1	4.87771e-07
1.125	9.71966e-07
1.25	1.90185e-06
1.375	3.65434e-06
1.5	6.89548e-06
1.625	1.27779e-05
1.75	2.32548e-05
1.875	4.15666e-05
2	7.29754e-05
2.125	0.000125844
2.25	0.000213173
2.375	0.000354739
2.5	0.000579945
2.625	0.000931532
2.75	0.00147019
2.875	0.0022801
3	0.00347513
3.125	0.00520561
3.25	0.00766475
3.375	0.0110943
3.5	0.0157881
3.625	0.0220925
3.75	0.0304025
3.875	0.0411517
4	0.0547971
4.125	0.0717957
4.25	0.0925762
4.375	0.117505
4.5	0.146851
4.625	0.18075
4.75	0.219173
4.875	0.261909
5	0.308549
5.125	0.358496
5.25	0.410985
5.375	0.465127
5.5	0.519947
5.625	0.574373
5.75	0.627406
5.875	0.678128
6	0.725736
6.125	0.769585
6.25	0.809214
6.375	0.844357
6.5	0.874938
6.625	0.90105
6.75	0.922929
6.875	0.940918
7	0.955433
7.125	0.966927
7.25	0.975858
7.375	0.982668
7.5	0.987765
7.625	0.991508
7.75	0.994205
7.875	0.996113
8	0.997438
8.125	0.99834
8.25	0.998943
8.375	0.999339
8.5	0.999594
8.625	0.999755
8.75	0.999854
8.875	0.999915
9	0.999951
9.125	0.999973
9.25	0.999985
9.375	0.999992
9.5	0.999996
9.625	0.999998
9.75	0.999999
9.875	0.999999
10	1
10.125	1
10.25	1
10.375	1
10.5	1
10.625	1
10.75	1
10.875	1
11	1
11.125	1
11.25	1
11.375	1
11.5	1
11.625	1
11.75	1
11.875	1
12	1
amount supplied[w1,a2]
0	2.12784e-11
0.125	5.3224e-11
0.25	1.30689e-10
0.375	3.15023e-10
0.5	7.45457e-10
0.625	1.73177e-09
0.75	3.94959e-09
0.875	8.84337e-09
1	1.944e-08
1.125	4.19566e-08
1.25	8.89076e-08
1.375	1.84979e-07
1.5	3.77891e-07
1.625	7.58021e-07
1.75	1.49308e-06
1.875	2.8879e-06
2	5.4853e-06
2.125	1.02318e-05
2.25	1.87436e-05
2.375	3.37231e-05
2.5	5.95927e-05
2.625	0.000103436
2.75	0.000176356
2.875	0.000295375
3	0.000486012
3.125	0.000785674
3.25	0.00124793
3.375	0.00194773
3.5	0.00298739
3.625	0.00450319
3.75	0.00667205
3.875	0.00971751
4	0.0139142
4.125	0.0195897
4.25	0.0271219
4.375	0.0369321
4.5	0.0494709
4.625	0.0651984
4.75	0.0845572
4.875	0.107941
5	0.135657
5.125	0.167894
5.25	0.204687
5.375	0.245892
5.5	0.291171
5.625	0.339996
5.75	0.391658
5.875	0.445308
6	0.5
6.125	0.554692
6.25	0.608342
6.375	0.660004
6.5	0.708829
6.625	0.754108
6.75	0.795313
6.875	0.832106
7	0.864343
7.125	0.89206
7.25	0.915443
7.375	0.934802
7.5	0.950529
7.625	0.963068
7.75	0.972878
7.875	0.98041
8	0.986086
8.125	0.990282
8.25	0.993328
8.375	0.995497
8.5	0.997013
8.625	0.998052
8.75	0.998752
8.875	0.999214
9	0.999514
9.125	0.999705
9.25	0.999824
9.375	0.999897
9.5	0.99994
9.625	0.999966
9.75	0.999981
9.875	0.99999
10	0.999995
10.125	0.999997
10.25	0.999999
10.375	0.999999
10.5	1
10.625	1
10.75	1
10.875	1
11	1
11.125	1
11.25	1
11.375	1
11.5	1
11.625	1
11.75	1
11.875	1
12	1
amount supplied[w2,a1]
0	1.015e-09
0.125	2.34218e-09
0.25	5.30607e-09
0.375	1.18014e-08
0.5	2.57698e-08
0.625	5.52481e-08
0.75	1.16295e-07
0.875	2.40357e-07
1	4.87771e-07
1.125	9.71966e-07
1.25	1.90185e-06
1.375	3.65434e-06
1.5	6.89548e-06
1.625	1.27779e-05
1.75	2.32548e-05
1.875	4.15666e-05
2	7.29754e-05
2.125	0.000125844
2.25	0.000213173
2.375	0.000354739
2.5	0.000579945
2.625	0.000931532
2.75	0.00147019
2.875	0.0022801
3	0.00347513
3.125	0.00520561
3.25	0.00766475
3.375	0.0110943
3.5	0.0157881
3.625	0.0220925
3.75	0.0304025
3.875	0.0411517
4	0.0547971
4.125	0.0717957
4.25	0.0925762
4.375	0.117505
4.5	0.146851
4.625	0.18075
4.75	0.219173
4.875	0.261909
5	0.308549
5.125	0.358496
5.25	0.410985
5.375	0.465127
5.5	0.519947
5.625	0.574373
5.75	0.627406
5.875	0.678128
6	0.725736
6.125	0.769585
6.25	0.809214
6.375	0.844357
6.5	0.874938
6.625	0.90105
6.75	0.922929
6.875	0.940918
7	0.955433
7.125	0.966927
7.25	0.975858
7.375	0.982668
7.5	0.987765
7.625	0.991508
7.75	0.994205
7.875	0.996113
8	0.997438
8.125	0.99834
8.25	0.998943
8.375	0.999339
8.5	0.999594
8.625	0.999755
8.75	0.999854
8.875	0.999915
9	0.999951
9.125	0.999973
9.25	0.999985
9.375	0.999992
9.5	0.999996
9.625	0.999998
9.75	0.999999
9.875	0.999999
10	1
10.125	1
10.25	1
10.375	1
10.5	1
10.625	1
10.75	1
10.875	1
11	1
11.125	1
11.25	1
11.375	1
11.5	1
11.625	1
11.75	1
11.875	1
12	1
amount supplied[w2,a2]
0	2.12784e-11
0.125	5.3224e-11
0.25	1.30689e-10
0.375	3.15023e-10
0.5	7.45457e-10
0.625	1.73177e-09
0.75	3.94959e-09
0.875	8.84337e-09
1	1.944e-08
1.125	4.19566e-08
1.25	8.89076e-08
1.375	1.84979e-07
1.5	3.77891e-07
1.625	7.58021e-07
1.75	1.49308e-06
1.875	2.8879e-06
2	5.4853e-06
2.125	1.02318e-05
2.25	1.87436e-05
2.375	3.37231e-05
2.5	5.95927e-05
2.625	0.000103436
2.75	0.000176356
2.875	0.000295375
3	0.000486012
3.125	0.000785674
3.25	0.00124793
3.375	0.00194773
3.5	0.00298739
3.625	0.00450319
3.75	0.00667205
3.875	0.00971751
4	0.0139142
4.125	0.0195897
4.25	0.0271219
4.375	0.0369321
4.5	0.0494709
4.625	0.0651984
4.75	0.0845572
4.875	0.107941
5	0.135657
5.125	0.167894
5.25	0.204687
5.375	0.245892
5.5	0.291171
5.625	0.339996
5.75	0.391658
5.875	0.445308
6	0.5
6.125	0.554692
6.25	0.608342
6.375	0.660004
6.5	0.708829
6.625	0.754108
6.75	0.795313
6.875	0.832106
7	0.864343
7.125	0.89206
7.25	0.915443
7.375	0.934802
7.5	0.950529
7.625	0.963068
7.75	0.972878
7.875	0.98041
8	0.986086
8.125	0.990282
8.25	0.993328
8.375	0.995497
8.5	0.997013
8.625	0.998052
8.75	0.998752
8.875	0.999214
9	0.999514
9.125	0.999705
9.25	0.999824
9.375	0.999897
9.5	0.99994
9.625	0.999966
9.75	0.999981
9.875	0.99999
10	0.999995
10.125	0.999997
10.25	0.999999
10.375	0.999999
10.5	1
10.625	1
10.75	1
10.875	1
11	1
11.125	1
11.25	1
11.375	1
11.5	1
11.625	1
11.75	1
11.875	1
12	1
amount supplied[w3,a1]
0	1.015e-09
0.125	2.34218e-09
0.25	5.30607e-09
0.375	1.18014e-08
0.5	2.57698e-08
0.625	5.52481e-08
0.75	1.16295e-07
0.875	2.40357e-07
1	4.87771e-07
1.125	9.71966e-07
1.25	1.90185e-06
1.375	3.65434e-06
1.5	6.89548e-06
1.625	1.27779e-05
1.75	2.32548e-05
1.875	4.15666e-05
2	7.29754e-05
2.125	0.000125844
2.25	0.000213173
2.375	0.000354739
2.5	0.000579945
2.625	0.000931532
2.75	0.00147019
2.875	0.0022801
3	0.00347513
3.125	0.00520561
3.25	0.00766475
3.375	0.0110943
3.5	0.0157881
3.625	0.0220925
3.75	0.0304025
3.875	0.0411517
4	0.0547971
4.125	0.0717957
4.25	0.0925762
4.375	0.117505
4.5	0.146851
4.625	0.18075
4.75	0.219173
4.875	0.261909
5	0.308549
5.125	0.358496
5.25	0.410985
5.375	0.465127
5.5	0.519947
5.625	0.574373
5.75	0.627406
5.875	0.678128
6	0.725736
6.125	0.769585
6.25	0.809214
6.375	0.844357
6.5	0.874938
6.625	0.90105
6.75	0.922929
6.875	0.940918
7	0.955433
7.125	0.966927
7.25	0.975858
7.375	0.982668
7.5	0.987765
7.625	0.991508
7.75	0.994205
7.875	0.996113
8	0.997438
8.125	0.99834
8.25	0.998943
8.375	0.999339
8.5	0.999594
8.625	0.999755
8.75	0.999854
8.875	0.999915
9	0.999951
9.125	0.999973
9.25	0.999985
9.375	0.999992
9.5	0.999996
9.625	0.999998
9.75	0.999999
9.875	0.999999
10	1
10.125	1
10.25	1
10.375	1
10.5	1
10.625	1
10.75	1
10.875	1
11	1
11.125	1
11.25	1
11.375	1
11.5	1
11.625	1
11.75	1
11.875	1
12	1
amount supplied[w3,a2]
0	2.12784e-11
0.125	5.3224e-11
0.25	1.30689e-10
0.375	3.15023e-10
0.5	7.45457e-10
0.625	1.73177e-09
0.75	3.94959e-09
0.875	8.84337e-09
1	1.944e-08
1.125	4.19566e-08
1.25	8.89076e-08
1.375	1.84979e-07
1.5	3.77891e-07
1.625	7.58021e-07
1.75	1.49308e-06
1.875	2.8879e-06
2	5.4853e-06
2.125	1.02318e-05
2.25	1.87436e-05
2.375	3.37231e-05
2.5	5.95927e-05
2.625	0.000103436
2.75	0.000176356
2.875	0.000295375
3	0.000486012
3.125	0.000785674
3.25	0.00124793
3.375	0.00194773
3.5	0.00298739
3.625	0.00450319
3.75	0.00667205
3.875	0.00971751
4	0.0139142
4.125	0.0195897
4.25	0.0271219
4.375	0.0369321
4.5	0.0494709
4.625	0.0651984
4.75	0.0845572
4.875	0.107941
5	0.135657
5.125	0.167894
5.25	0.204687
5.375	0.245892
5.5	0.291171
5.625	0.339996
5.75	0.391658
5.875	0.445308
6	0.5
6.125	0.554692
6.25	0.608342
6.375	0.660004
6.5	0.708829
6.625	0.754108
6.75	0.795313
6.875	0.832106
7	0.864343
7.125	0.89206
7.25	0.915443
7.375	0.934802
7.5	0.950529
7.625	0.963068
7.75	0.972878
7.875	0.98041
8	0.986086
8.125	0.990282
8.25	0.993328
8.375	0.995497
8.5	0.997013
8.625	0.998052
8.75	0.998752
8.875	0.999214
9	0.999514
9.125	0.999705
9.25	0.999824
9.375	0.999897
9.5	0.99994
9.625	0.999966
9.75	0.999981
9.875	0.99999
10	0.999995
10.125	0.999997
10.25	0.999999
10.375	0.999999
10.5	1
10.625	1
10.75	1
10.875	1
11	1
11.125	1
11.25	1
11.375	1
11.5	1
11.625	1
11.75	1
11.875	1
12	1
amount supplied[w4,a1]
0	1.015e-09
0.125	2.34218e-09
0.25	5.30607e-09
0.375	1.18014e-08
0.5	2.57698e-08
0.625	5.52481e-08
0.75	1.16295e-07
0.875	2.40357e-07
1	4.87771e-07
1.125	9.71966e-07
1.25	1.90185e-06
1.375	3.65435e-06
1.5	6.89548e-06
1.625	1.27779e-05
1.75	2.32548e-05
1.875	4.15666e-05
2	7.29754e-05
2.125	0.000125844
2.25	0.000213173
2.375	0.000354739
2.5	0.000579945
2.625	0.000931532
2.75	0.00147019
2.875	0.0022801
3	0.00347513
3.125	0.00520561
3.25	0.00766475
3.375	0.0110943
3.5	0.0157881
3.625	0.0220925
3.75	0.0304025
3.875	0.0411517
4	0.0547971
4.125	0.0717957
4.25	0.0925762
4.375	0.117505
4.5	0.146851
4.625	0.18075
4.75	0.219173
4.875	0.261909
5	0.308549
5.125	0.358496
5.25	0.410985
5.375	0.465127
5.5	0.519947
5.625	0.574373
5.75	0.627406
5.875	0.678128
6	0.725736
6.125	0.769585
6.25	0.809214
6.375	0.844357
6.5	0.874938
6.625	0.90105
6.75	0.922929
6.875	0.940918
7	0.955433
7.125	0.966927
7.25	0.975858
7.375	0.982668
7.5	0.987765
7.625	0.991508
7.75	0.994205
7.875	0.996113
8	0.997438
8.125	0.99834
8.25	0.998943
8.375	0.999339
8.5	0.999594
8.625	0.999755
8.75	0.999854
8.875	0.999915
9	0.999951
9.125	0.999973
9.25	0.999985
9.375	0.999992
9.5	0.999996
9.625	0.999998
9.75	0.999999
9.875	0.999999
10	1
10.125	1
10.25	1
10.375	1
10.5	1
10.625	1
10.75	1
10.875	1
11	1
11.125	1
11.25	1
11.375	1
11.5	1
11.625	1
11.75	1
11.875	1
12	1
amount supplied[w4,a2]
0	2.12784e-11
0.125	5.3224e-11
0.25	1.30689e-10
0.375	3.15023e-10
0.5	7.45457e-10
0.625	1.73177e-09
0.75	3.94959e-09
0.875	8.84337e-09
1	1.94401e-08
1.125	4.19567e-08
1.25	8.89077e-08
1.375	1.8498e-07
1.5	3.77891e-07
1.625	7.58021e-07
1.75	1.49308e-06
1.875	2.88791e-06
2	5.4853e-06
2.125	1.02318e-05
2.25	1.87436e-05
2.375	3.37231e-05
2.5	5.95927e-05
2.625	0.000103436
2.75	0.000176356
2.875	0.000295375
3	0.000486012
3.125	0.000785674
3.25	0.00124793
3.375	0.00194773
3.5	0.00298739
3.625	0.00450319
3.75	0.00667205
3.875	0.00971751
4	0.0139142
4.125	0.0195897
4.25	0.0271219
4.375	0.0369321
4.5	0.0494709
4.625	0.0651984
4.75	0.0845572
4.875	0.107941
5	0.135657
5.125	0.167894
5.25	0.204687
5.375	0.245892
5.5	0.291171
5.625	0.339996
5.75	0.391658
5.875	0.445308
6	0.5
6.125	0.554692
6.25	0.608342
6.375	0.660004
6.5	0.708829
6.625	0.754108
6.75	0.795313
6.875	0.832106
7	0.864343
7.125	0.892059
7.25	0.915443
7.375	0.934802
7.5	0.950529
7.625	0.963068
7.75	0.972878
7.875	0.98041
8	0.986086
8.125	0.990282
8.25	0.993328
8.375	0.995497
8.5	0.997013
8.625	0.998052
8.75	0.998752
8.875	0.999214
9	0.999514
9.125	0.999705
9.25	0.999824
9.375	0.999897
9.5	0.99994
9.625	0.999966
9.75	0.999981
9.875	0.99999
10	0.999995
10.125	0.999997
10.25	0.999999
10.375	0.999999
10.5	1
10.625	1
10.75	1
10.875	1
11	1
11.125	1
11.25	1
11.375	1
11.5	1
11.625	1
11.75	1
11.875	1
12	1
amount supplied[w5,a1]
0	2.92058e-07
0.125	5.2523e-07
0.25	9.32671e-07
0.375	1.63536e-06
0.5	2.8315e-06
0.625	4.84109e-06
0.75	8.17345e-06
0.875	1.36274e-05
1	2.24375e-05
1.125	3.64842e-05
1.25	5.85888e-05
1.375	9.29217e-05
1.5	0.000145555
1.625	0.000225194
1.75	0.000344131
1.875	0.000519449
2	0.000774522
2.125	0.00114081
2.25	0.00165998
2.375	0.00238628
2.5	0.00338917
2.625	0.00475601
2.75	0.00659469
2.875	0.00903601
3	0.0122354
3.125	0.0163739
3.25	0.0216575
3.375	0.0283157
3.5	0.0365971
3.625	0.0467634
3.75	0.0590818
3.875	0.0738134
4	0.0912019
4.125	0.111459
4.25	0.134751
4.375	0.161183
4.5	0.190786
4.625	0.223507
4.75	0.259203
4.875	0.297634
5	0.33847
5.125	0.381296
5.25	0.425627
5.375	0.470926
5.5	0.516622
5.625	0.562091
5.75	0.606741
5.875	0.650028
6	0.691451
6.125	0.730575
6.25	0.767044
6.375	0.800595
6.5	0.831058
6.625	0.858354
6.75	0.882495
6.875	0.903566
7	0.921717
7.125	0.937151
7.25	0.950102
7.375	0.960828
7.5	0.969598
7.625	0.976673
7.75	0.982308
7.875	0.986737
8	0.990174
8.125	0.992805
8.25	0.994794
8.375	0.996278
8.5	0.997371
8.625	0.998165
8.75	0.998735
8.875	0.999138
9	0.99942
9.125	0.999615
9.25	0.999747
9.375	0.999836
9.5	0.999895
9.625	0.999933
9.75	0.999958
9.875	0.999974
10	0.999984
10.125	0.999991
10.25	0.999994
10.375	0.999997
10.5	0.999998
10.625	0.999999
10.75	0.999999
10.875	1
11	1
11.125	1
11.25	1
11.375	1
11.5	1
11.625	1
11.75	1
11.875	1
12	1
amount supplied[w5,a2]
0	1.944e-08
0.125	3.69547e-08
0.25	6.93602e-08
0.375	1.28536e-07
0.5	2.3519e-07
0.625	4.24915e-07
0.75	7.58021e-07
0.875	1.33525e-06
1	2.32252e-06
1.125	3.98911e-06
1.25	6.76587e-06
1.375	1.13322e-05
1.5	1.87436e-05
1.625	3.06167e-05
1.75	4.93898e-05
1.875	7.86873e-05
2	0.000123815
2.125	0.000192423
2.25	0.000295375
2.375	0.000447853
2.5	0.000670752
2.625	0.000992363
2.75	0.00145038
2.875	0.00209418
3	0.00298739
3.125	0.00421053
3.25	0.00586375
3.375	0.00806927
3.5	0.0109734
3.625	0.0147478
3.75	0.0195897
3.875	0.0257202
4	0.0333815
4.125	0.0428316
4.25	0.0543366
4.375	0.0681613
4.5	0.0845572
4.625	0.103749
4.75	0.125922
4.875	0.151204
5	0.179655
5.125	0.211255
5.25	0.245892
5.375	0.283362
5.5	0.323367
5.625	0.365522
5.75	0.409366
5.875	0.454377
6	0.5
6.125	0.545623
6.25	0.590634
6.375	0.634478
6.5	0.676633
6.625	0.716638
6.75	0.754108
6.875	0.788745
7	0.820345
7.125	0.848796
7.25	0.874078
7.375	0.896251
7.5	0.915443
7.625	0.931839
7.75	0.945663
7.875	0.957168
8	0.966618
8.125	0.97428
8.25	0.98041
8.375	0.985252
8.5	0.989027
8.625	0.991931
8.75	0.994136
8.875	0.995789
9	0.997013
9.125	0.997906
9.25	0.99855
9.375	0.999008
9.5	0.999329
9.625	0.999552
9.75	0.999705
9.875	0.999808
10	0.999876
10.125	0.999921
10.25	0.999951
10.375	0.999969
10.5	0.999981
10.625	0.999989
10.75	0.999993
10.875	0.999996
11	0.999998
11.125	0.999999
11.25	0.999999
11.375	1
11.5	1
11.625	1
11.75	1
11.875	1
12	1
amount supplied[w6,a1]
0	0.0013549
0.125	0.0016937
0.25	0.00210798
0.375	0.00261219
0.5	0.00322297
0.625	0.00395937
0.75	0.00484306
0.875	0.00589852
1	0.00715322
1.125	0.00863777
1.25	0.010386
1.375	0.0124352
1.5	0.0148257
1.625	0.0176014
1.75	0.0208092
1.875	0.024499
2	0.0287232
2.125	0.0335366
2.25	0.0389954
2.375	0.0451573
2.5	0.0520799
2.625	0.0598208
2.75	0.0684357
2.875	0.0779784
3	0.088499
3.125	0.100043
3.25	0.11265
3.375	0.126354
3.5	0.141179
3.625	0.157141
3.75	0.174247
3.875	0.192491
4	0.211858
4.125	0.232319
4.25	0.253834
4.375	0.27635
4.5	0.299803
4.625	0.324116
4.75	0.349201
4.875	0.374961
5	0.401291
5.125	0.428078
5.25	0.455203
5.375	0.482546
5.5	0.509973
5.625	0.537357
5.75	0.564553
5.875	0.591443
6	0.617909
6.125	0.643836
6.25	0.669116
6.375	0.693648
6.5	0.717343
6.625	0.740122
6.75	0.761916
6.875	0.782669
7	0.802338
7.125	0.82089
7.25	0.838307
7.375	0.854581
7.5	0.869715
7.625	0.883722
7.75	0.896626
7.875	0.908456
8	0.919251
8.125	0.929056
8.25	0.937919
8.375	0.945892
8.5	0.953033
8.625	0.959396
8.75	0.965041
8.875	0.970025
9	0.974404
9.125	0.978234
9.25	0.981569
9.375	0.984457
9.5	0.986949
9.625	0.989087
9.75	0.990913
9.875	0.992466
10	0.99378
10.125	0.994887
10.25	0.995815
10.375	0.99659
10.5	0.997233
10.625	0.997764
10.75	0.998201
10.875	0.998559
11	0.998851
11.125	0.999088
11.25	0.999279
11.375	0.999433
11.5	0.999555
11.625	0.999653
11.75	0.999731
11.875	0.999792
12	0.99984
amount supplied[w6,a2]
0	0.000486012
0.125	0.000619302
0.25	0.000785674
0.375	0.000992363
0.5	0.00124793
0.625	0.00156246
0.75	0.00194773
0.875	0.00241743
1	0.00298739
1.125	0.00367574
1.25	0.00450319
1.375	0.00549317
1.5	0.00667205
1.625	0.00806927
1.75	0.00971751
1.875	0.0116527
2	0.0139142
2.125	0.0165446
2.25	0.0195897
2.375	0.0230983
2.5	0.0271219
2.625	0.0317146
2.75	0.0369321
2.875	0.0428316
3	0.0494709
3.125	0.0569077
3.25	0.0651984
3.375	0.0743978
3.5	0.0845572
3.625	0.0957241
3.75	0.107941
3.875	0.121242
4	0.135657
4.125	0.151204
4.25	0.167894
4.375	0.185726
4.5	0.204687
4.625	0.224754
4.75	0.245892
4.875	0.268051
5	0.291171
5.125	0.315181
5.25	0.339996
5.375	0.365522
5.5	0.391658
5.625	0.418292
5.75	0.445308
5.875	0.472585
6	0.5
6.125	0.527415
6.25	0.554692
6.375	0.581708
6.5	0.608342
6.625	0.634478
6.75	0.660004
6.875	0.684819
7	0.708829
7.125	0.731949
7.25	0.754108
7.375	0.775246
7.5	0.795313
7.625	0.814274
7.75	0.832106
7.875	0.848796
8	0.864343
8.125	0.878758
8.25	0.892059
8.375	0.904276
8.5	0.915443
8.625	0.925602
8.75	0.934802
8.875	0.943092
9	0.950529
9.125	0.957168
9.25	0.963068
9.375	0.968285
9.5	0.972878
9.625	0.976902
9.75	0.98041
9.875	0.983455
10	0.986086
10.125	0.988347
10.25	0.990282
10.375	0.991931
10.5	0.993328
10.625	0.994507
10.75	0.995497
10.875	0.996324
11	0.997013
11.125	0.997583
11.25	0.998052
11.375	0.998438
11.5	0.998752
11.625	0.999008
11.75	0.999214
11.875	0.999381
12	0.999514
amount supplied[w7,a1]
0	0.382091
0.125	0.384715
0.25	0.387344
0.375	0.389979
0.5	0.392618
0.625	0.395263
0.75	0.397913
0.875	0.400567
1	0.403226
1.125	0.405889
1.25	0.408557
1.375	0.411228
1.5	0.413904
1.625	0.416585
1.75	0.419268
1.875	0.421956
2	0.424648
2.125	0.427343
2.25	0.430041
2.375	0.432742
2.5	0.435447
2.625	0.438155
2.75	0.440866
2.875	0.44358
3	0.446296
3.125	0.449015
3.25	0.451736
3.375	0.45446
3.5	0.457186
3.625	0.459914
3.75	0.462643
3.875	0.465375
4	0.468109
4.125	0.470844
4.25	0.47358
4.375	0.476318
4.5	0.479057
4.625	0.481798
4.75	0.484541
4.875	0.487284
5	0.490027
5.125	0.492769
5.25	0.495512
5.375	0.498255
5.5	0.500997
5.625	0.50374
5.75	0.506483
5.875	0.509225
6	0.511968
6.125	0.514711
6.25	0.517454
6.375	0.520196
6.5	0.522935
6.625	0.525673
6.75	0.52841
6.875	0.531146
7	0.53388
7.125	0.536612
7.25	0.539342
7.375	0.542071
7.5	0.544797
7.625	0.547521
7.75	0.550243
7.875	0.552963
8	0.55568
8.125	0.558394
8.25	0.561106
8.375	0.563814
8.5	0.56652
8.625	0.569223
8.75	0.571922
8.875	0.574618
9	0.57731
9.125	0.579999
9.25	0.582684
9.375	0.585365
9.5	0.588042
9.625	0.590715
9.75	0.593384
9.875	0.596048
10	0.598709
10.125	0.601364
10.25	0.604015
10.375	0.606661
10.5	0.609302
10.625	0.611938
10.75	0.614569
10.875	0.617194
11	0.619815
11.125	0.622429
11.25	0.625039
11.375	0.627642
11.5	0.63024
11.625	0.632831
11.75	0.635417
11.875	0.637997
12	0.64057
amount supplied[w7,a2]
0	0.370704
0.125	0.373304
0.25	0.37591
0.375	0.378521
0.5	0.381138
0.625	0.38376
0.75	0.386387
0.875	0.38902
1	0.391658
1.125	0.394301
1.25	0.396949
1.375	0.399601
1.5	0.402258
1.625	0.40492
1.75	0.407586
1.875	0.410256
2	0.412931
2.125	0.41561
2.25	0.418292
2.375	0.420978
2.5	0.423668
2.625	0.426362
2.75	0.429059
2.875	0.43176
3	0.434463
3.125	0.43717
3.25	0.43988
3.375	0.442593
3.5	0.445308
3.625	0.448026
3.75	0.450746
3.875	0.453469
4	0.456194
4.125	0.458921
4.25	0.46165
4.375	0.464382
4.5	0.467114
4.625	0.469849
4.75	0.472585
4.875	0.475322
5	0.478061
5.125	0.480801
5.25	0.483544
5.375	0.486286
5.5	0.489029
5.625	0.491772
5.75	0.494515
5.875	0.497257
6	0.5
6.125	0.502743
6.25	0.505485
6.375	0.508228
6.5	0.510971
6.625	0.513714
6.75	0.516456
6.875	0.519199
7	0.521939
7.125	0.524678
7.25	0.527415
7.375	0.530151
7.5	0.532886
7.625	0.535618
7.75	0.53835
7.875	0.541079
8	0.543806
8.125	0.546531
8.25	0.549254
8.375	0.551974
8.5	0.554692
8.625	0.557407
8.75	0.56012
8.875	0.56283
9	0.565537
9.125	0.56824
9.25	0.570941
9.375	0.573638
9.5	0.576332
9.625	0.579022
9.75	0.581708
9.875	0.58439
10	0.587069
10.125	0.589744
10.25	0.592414
10.375	0.59508
10.5	0.597742
10.625	0.600399
10.75	0.603051
10.875	0.605699
11	0.608342
11.125	0.61098
11.25	0.613613
11.375	0.61624
11.5	0.618862
11.625	0.621479
11.75	0.62409
11.875	0.626696
12	0.629296
base priority
0	10
FINAL TIME
0	12
fixed profile[w0,a1,ptype]
0	0
fixed profile[w0,a1,ppriority]
0	0
fixed profile[w0,a1,pwidth]
0	0
fixed profile[w0,a1,pextra]
0	0
fixed profile[w0,a2,ptype]
0	0
fixed profile[w0,a2,ppriority]
0	0
fixed profile[w0,a2,pwidth]
0	0
fixed profile[w0,a2,pextra]
0	0
fixed profile[w1,a1,ptype]
0	0
fixed profile[w1,a1,ppriority]
0	0
fixed profile[w1,a1,pwidth]
0	0
fixed profile[w1,a1,pextra]
0	0
fixed profile[w1,a2,ptype]
0	0
fixed profile[w1,a2,ppriority]
0	0
fixed profile[w1,a2,pwidth]
0	0
fixed profile[w1,a2,pextra]
0	0
fixed profile[w2,a1,ptype]
0	0
fixed profile[w2,a1,ppriority]
0	0
fixed profile[w2,a1,pwidth]
0	0
fixed profile[w2,a1,pextra]
0	0
fixed profile[w2,a2,ptype]
0	0
fixed profile[w2,a2,ppriority]
0	0
fixed profile[w2,a2,pwidth]
0	0
fixed profile[w2,a2,pextra]
0	0
fixed profile[w3,a1,ptype]
0	0
fixed profile[w3,a1,ppriority]
0	0
fixed profile[w3,a1,pwidth]
0	0
fixed profile[w3,a1,pextra]
0	0
fixed profile[w3,a2,ptype]
0	0
fixed profile[w3,a2,ppriority]
0	0
fixed profile[w3,a2,pwidth]
0	0
fixed profile[w3,a2,pextra]
0	0
fixed profile[w4,a1,ptype]
0	0
fixed profile[w4,a1,ppriority]
0	0
fixed profile[w4,a1,pwidth]
0	0
fixed profile[w4,a1,pextra]
0	0
fixed profile[w4,a2,ptype]
0	0
fixed profile[w4,a2,ppriority]
0	0
fixed profile[w4,a2,pwidth]
0	0
fixed profile[w4,a2,pextra]
0	0
fixed profile[w5,a1,ptype]
0	0
fixed profile[w5,a1,ppriority]
0	0
fixed profile[w5,a1,pwidth]
0	0
fixed profile[w5,a1,pextra]
0	0
fixed profile[w5,a2,ptype]
0	0
fixed profile[w5,a2,ppriority]
0	0
fixed profile[w5,a2,pwidth]
0	0
fixed profile[w5,a2,pextra]
0	0
fixed profile[w6,a1,ptype]
0	0
fixed profile[w6,a1,ppriority]
0	0
fixed profile[w6,a1,pwidth]
0	0
fixed profile[w6,a1,pextra]
0	0
fixed profile[w6,a2,ptype]
0	0
fixed profile[w6,a2,ppriority]
0	0
fixed profile[w6,a2,pwidth]
0	0
fixed profile[w6,a2,pextra]
0	0
fixed profile[w7,a1,ptype]
0	0
fixed profile[w7,a1,ppriority]
0	0
fixed profile[w7,a1,pwidth]
0	0
fixed profile[w7,a1,pextra]
0	0
fixed profile[w7,a2,ptype]
0	0
fixed profile[w7,a2,ppriority]
0	0
fixed profile[w7,a2,pwidth]
0	0
fixed profile[w7,a2,pextra]
0	0
INITIAL TIME
0	0
market amount supplied[w0,a1]
0	2.92058e-07
0.125	0.0208129
0.25	0.0404794
0.375	0.0595463
0.5	0.0781664
0.625	0.096418
0.75	0.114352
0.875	0.132002
1	0.149394
1.125	0.166547
1.25	0.183479
1.375	0.2002
1.5	0.216724
1.625	0.233057
1.75	0.249209
1.875	0.265186
2	0.280994
2.125	0.296638
2.25	0.312123
2.375	0.327454
2.5	0.342633
2.625	0.357664
2.75	0.37255
2.875	0.387295
3	0.4019
3.125	0.416367
3.25	0.430699
3.375	0.444899
3.5	0.458968
3.625	0.472906
3.75	0.486718
3.875	0.500401
4	0.513957
4.125	0.527389
4.25	0.540693
4.375	0.553871
4.5	0.566926
4.625	0.579857
4.75	0.592664
4.875	0.605347
5	0.617909
5.125	0.630349
5.25	0.642664
5.375	0.654857
5.5	0.666926
5.625	0.678872
5.75	0.690693
5.875	0.702389
6	0.713957
6.125	0.725401
6.25	0.736719
6.375	0.747906
6.5	0.758968
6.625	0.7699
6.75	0.7807
6.875	0.791368
7	0.8019
7.125	0.812295
7.25	0.822551
7.375	0.832665
7.5	0.842633
7.625	0.852454
7.75	0.862124
7.875	0.871639
8	0.880995
8.125	0.890187
8.25	0.89921
8.375	0.908058
8.5	0.916725
8.625	0.925202
8.75	0.93348
8.875	0.941548
9	0.949395
9.125	0.957003
9.25	0.964353
9.375	0.971419
9.5	0.978167
9.625	0.984547
9.75	0.99048
9.875	0.995814
10	1
10.125	1
10.25	1
10.375	1
10.5	1
10.625	1
10.75	1
10.875	1
11	1
11.125	1
11.25	1
11.375	1
11.5	1
11.625	1
11.75	1
11.875	1
12	1
market amount supplied[w0,a2]
0	1.09826e-08
0.125	0.00418569
0.25	0.00951986
0.375	0.0154526
0.5	0.0218326
0.625	0.0285807
0.75	0.0356472
0.875	0.0429973
1	0.0506055
1.125	0.0584517
1.25	0.0665203
1.375	0.0747983
1.5	0.0832754
1.625	0.091942
1.75	0.10079
1.875	0.109813
2	0.119005
2.125	0.128361
2.25	0.137876
2.375	0.147546
2.5	0.157367
2.625	0.167335
2.75	0.177449
2.875	0.187705
3	0.1981
3.125	0.208632
3.25	0.2193
3.375	0.2301
3.5	0.241032
3.625	0.252094
3.75	0.263281
3.875	0.274599
4	0.286043
4.125	0.297611
4.25	0.309307
4.375	0.321128
4.5	0.333074
4.625	0.345143
4.75	0.357336
4.875	0.369651
5	0.382091
5.125	0.394653
5.25	0.407336
5.375	0.420143
5.5	0.433074
5.625	0.446129
5.75	0.459307
5.875	0.472611
6	0.486043
6.125	0.499599
6.25	0.513282
6.375	0.527094
6.5	0.541033
6.625	0.555101
6.75	0.569301
6.875	0.583634
7	0.5981
7.125	0.612705
7.25	0.62745
7.375	0.642337
7.5	0.657367
7.625	0.672546
7.75	0.687877
7.875	0.703362
8	0.719006
8.125	0.734814
8.25	0.750791
8.375	0.766943
8.5	0.783277
8.625	0.7998
8.75	0.816522
8.875	0.833453
9	0.850606
9.125	0.867998
9.25	0.885648
9.375	0.903582
9.5	0.921834
9.625	0.940454
9.75	0.959521
9.875	0.979187
10	1
10.125	1
10.25	1
10.375	1
10.5	1
10.625	1
10.75	1
10.875	1
11	1
11.125	1
11.25	1
11.375	1
11.5	1
11.625	1
11.75	1
11.875	1
12	1
market amount supplied[w1,a1]
0	2.92058e-07
0.125	0.0208129
0.25	0.0404794
0.375	0.0595463
0.5	0.0781664
0.625	0.096418
0.75	0.114352
0.875	0.132002
1	0.149394
1.125	0.166547
1.25	0.183479
1.375	0.2002
1.5	0.216724
1.625	0.233057
1.75	0.249209
1.875	0.265186
2	0.280994
2.125	0.296638
2.25	0.312123
2.375	0.327454
2.5	0.342633
2.625	0.357664
2.75	0.37255
2.875	0.387295
3	0.4019
3.125	0.416367
3.25	0.430699
3.375	0.444899
3.5	0.458968
3.625	0.472906
3.75	0.486718
3.875	0.500401
4	0.513957
4.125	0.527389
4.25	0.540693
4.375	0.553871
4.5	0.566926
4.625	0.579857
4.75	0.592664
4.875	0.605347
5	0.617909
5.125	0.630349
5.25	0.642664
5.375	0.654857
5.5	0.666926
5.625	0.678872
5.75	0.690693
5.875	0.702389
6	0.713957
6.125	0.725401
6.25	0.736719
6.375	0.747906
6.5	0.758968
6.625	0.7699
6.75	0.7807
6.875	0.791368
7	0.8019
7.125	0.812295
7.25	0.822551
7.375	0.832665
7.5	0.842633
7.625	0.852454
7.75	0.862124
7.875	0.871639
8	0.880995
8.125	0.890187
8.25	0.89921
8.375	0.908058
8.5	0.916725
8.625	0.925202
8.75	0.93348
8.875	0.941548
9	0.949395
9.125	0.957003
9.25	0.964353
9.375	0.971419
9.5	0.978167
9.625	0.984547
9.75	0.99048
9.875	0.995814
10	1
10.125	1
10.25	1
10.375	1
10.5	1
10.625	1
10.75	1
10.875	1
11	1
11.125	1
11.25	1
11.375	1
11.5	1
11.625	1
11.75	1
11.875	1
12	1
market amount supplied[w1,a2]
0	1.09826e-08
0.125	0.00418569
0.25	0.00951986
0.375	0.0154526
0.5	0.0218326
0.625	0.0285807
0.75	0.0356472
0.875	0.0429973
1	0.0506055
1.125	0.0584517
1.25	0.0665203
1.375	0.0747983
1.5	0.0832754
1.625	0.091942
1.75	0.10079
1.875	0.109813
2	0.119005
2.125	0.128361
2.25	0.137876
2.375	0.147546
2.5	0.157367
2.625	0.167335
2.75	0.177449
2.875	0.187705
3	0.1981
3.125	0.208632
3.25	0.2193
3.375	0.2301
3.5	0.241032
3.625	0.252094
3.75	0.263281
3.875	0.274599
4	0.286043
4.125	0.297611
4.25	0.309307
4.375	0.321128
4.5	0.333074
4.625	0.345143
4.75	0.357336
4.875	0.369651
5	0.382091
5.125	0.394653
5.25	0.407336
5.375	0.420143
5.5	0.433074
5.625	0.446129
5.75	0.459307
5.875	0.472611
6	0.486043
6.125	0.499599
6.25	0.513282
6.375	0.527094
6.5	0.541033
6.625	0.555101
6.75	0.569301
6.875	0.583634
7	0.5981
7.125	0.612705
7.25	0.62745
7.375	0.642337
7.5	0.657367
7.625	0.672546
7.75	0.687877
7.875	0.703362
8	0.719006
8.125	0.734814
8.25	0.750791
8.375	0.766943
8.5	0.783277
8.625	0.7998
8.75	0.816522
8.875	0.833453
9	0.850606
9.125	0.867998
9.25	0.885648
9.375	0.903582
9.5	0.921834
9.625	0.940454
9.75	0.959521
9.875	0.979187
10	1
10.125	1
10.25	1
10.375	1
10.5	1
10.625	1
10.75	1
10.875	1
11	1
11.125	1
11.25	1
11.375	1
11.5	1
11.625	1
11.75	1
11.875	1
12	1
market amount supplied[w2,a1]
0	2.92058e-07
0.125	0.0208129
0.25	0.0404794
0.375	0.0595463
0.5	0.0781664
0.625	0.096418
0.75	0.114352
0.875	0.132002
1	0.149394
1.125	0.166547
1.25	0.183479
1.375	0.2002
1.5	0.216724
1.625	0.233057
1.75	0.249209
1.875	0.265186
2	0.280994
2.125	0.296638
2.25	0.312123
2.375	0.327454
2.5	0.342633
2.625	0.357664
2.75	0.37255
2.875	0.387295
3	0.4019
3.125	0.416367
3.25	0.430699
3.375	0.444899
3.5	0.458968
3.625	0.472906
3.75	0.486718
3.875	0.500401
4	0.513957
4.125	0.527389
4.25	0.540693
4.375	0.553871
4.5	0.566926
4.625	0.579857
4.75	0.592664
4.875	0.605347
5	0.617909
5.125	0.630349
5.25	0.642664
5.375	0.654857
5.5	0.666926
5.625	0.678872
5.75	0.690693
5.875	0.702389
6	0.713957
6.125	0.725401
6.25	0.736719
6.375	0.747906
6.5	0.758968
6.625	0.7699
6.75	0.7807
6.875	0.791368
7	0.8019
7.125	0.812295
7.25	0.822551
7.375	0.832665
7.5	0.842633
7.625	0.852454
7.75	0.862124
7.875	0.871639
8	0.880995
8.125	0.890187
8.25	0.89921
8.375	0.908058
8.5	0.916725
8.625	0.925202
8.75	0.93348
8.875	0.941548
9	0.949395
9.125	0.957003
9.25	0.964353
9.375	0.971419
9.5	0.978167
9.625	0.984547
9.75	0.99048
9.875	0.995814
10	1
10.125	1
10.25	1
10.375	1
10.5	1
10.625	1
10.75	1
10.875	1
11	1
11.125	1
11.25	1
11.375	1
11.5	1
11.625	1
11.75	1
11.875	1
12	1
market amount supplied[w2,a2]
0	1.09826e-08
0.125	0.00418569
0.25	0.00951986
0.375	0.0154526
0.5	0.0218326
0.625	0.0285807
0.75	0.0356472
0.875	0.0429973
1	0.0506055
1.125	0.0584517
1.25	0.0665203
1.375	0.0747983
1.5	0.0832754
1.625	0.091942
1.75	0.10079
1.875	0.109813
2	0.119005
2.125	0.128361
2.25	0.137876
2.375	0.147546
2.5	0.157367
2.625	0.167335
2.75	0.177449
2.875	0.187705
3	0.1981
3.125	0.208632
3.25	0.2193
3.375	0.2301
3.5	0.241032
3.625	0.252094
3.75	0.263281
3.875	0.274599
4	0.286043
4.125	0.297611
4.25	0.309307
4.375	0.321128
4.5	0.333074
4.625	0.345143
4.75	0.357336
4.875	0.369651
5	0.382091
5.125	0.394653
5.25	0.407336
5.375	0.420143
5.5	0.433074
5.625	0.446129
5.75	0.459307
5.875	0.472611
6	0.486043
6.125	0.499599
6.25	0.513282
6.375	0.527094
6.5	0.541033
6.625	0.555101
6.75	0.569301
6.875	0.583634
7	0.5981
7.125	0.612705
7.25	0.62745
7.375	0.642337
7.5	0.657367
7.625	0.672546
7.75	0.687877
7.875	0.703362
8	0.719006
8.125	0.734814
8.25	0.750791
8.375	0.766943
8.5	0.783277
8.625	0.7998
8.75	0.816522
8.875	0.833453
9	0.850606
9.125	0.867998
9.25	0.885648
9.375	0.903582
9.5	0.921834
9.625	0.940454
9.75	0.959521
9.875	0.979187
10	1
10.125	1
10.25	1
10.375	1
10.5	1
10.625	1
10.75	1
10.875	1
11	1
11.125	1
11.25	1
11.375	1
11.5	1
11.625	1
11.75	1
11.875	1
12	1
market amount supplied[w3,a1]
0	2.92058e-07
0.125	0.0208129
0.25	0.0404794
0.375	0.0595463
0.5	0.0781664
0.625	0.096418
0.75	0.114352
0.875	0.132002
1	0.149394
1.125	0.166547
1.25	0.183479
1.375	0.2002
1.5	0.216724
1.625	0.233057
1.75	0.249209
1.875	0.265186
2	0.280994
2.125	0.296638
2.25	0.312123
2.375	0.327454
2.5	0.342633
2.625	0.357664
2.75	0.37255
2.875	0.387295
3	0.4019
3.125	0.416367
3.25	0.430699
3.375	0.444899
3.5	0.458968
3.625	0.472906
3.75	0.486718
3.875	0.500401
4	0.513957
4.125	0.527389
4.25	0.540693
4.375	0.553871
4.5	0.566926
4.625	0.579857
4.75	0.592664
4.875	0.605347
5	0.617909
5.125	0.630349
5.25	0.642664
5.375	0.654857
5.5	0.666926
5.625	0.678872
5.75	0.690693
5.875	0.702389
6	0.713957
6.125	0.725401
6.25	0.736719
6.375	0.747906
6.5	0.758968
6.625	0.7699
6.75	0.7807
6.875	0.791368
7	0.8019
7.125	0.812295
7.25	0.822551
7.375	0.832665
7.5	0.842633
7.625	0.852454
7.75	0.862124
7.875	0.871639
8	0.880995
8.125	0.890187
8.25	0.89921
8.375	0.908058
8.5	0.916725
8.625	0.925202
8.75	0.93348
8.875	0.941548
9	0.949395
9.125	0.957003
9.25	0.964353
9.375	0.971419
9.5	0.978167
9.625	0.984547
9.75	0.99048
9.875	0.995814
10	1
10.125	1
10.25	1
10.375	1
10.5	1
10.625	1
10.75	1
10.875	1
11	1
11.125	1
11.25	1
11.375	1
11.5	1
11.625	1
11.75	1
11.875	1
12	1
market amount supplied[w3,a2]
0	1.09826e-08
0.125	0.00418569
0.25	0.00951986
0.375	0.0154526
0.5	0.0218326
0.625	0.0285807
0.75	0.0356472
0.875	0.0429973
1	0.0506055
1.125	0.0584517
1.25	0.0665203
1.375	0.0747983
1.5	0.0832754
1.625	0.091942
1.75	0.10079
1.875	0.109813
2	0.119005
2.125	0.128361
2.25	0.137876
2.375	0.147546
2.5	0.157367
2.625	0.167335
2.75	0.177449
2.875	0.187705
3	0.1981
3.125	0.208632
3.25	0.2193
3.375	0.2301
3.5	0.241032
3.625	0.252094
3.75	0.263281
3.875	0.274599
4	0.286043
4.125	0.297611
4.25	0.309307
4.375	0.321128
4.5	0.333074
4.625	0.345143
4.75	0.357336
4.875	0.369651
5	0.382091
5.125	0.394653
5.25	0.407336
5.375	0.420143
5.5	0.433074
5.625	0.446129
5.75	0.459307
5.875	0.472611
6	0.486043
6.125	0.499599
6.25	0.513282
6.375	0.527094
6.5	0.541033
6.625	0.555101
6.75	0.569301
6.875	0.583634
7	0.5981
7.125	0.612705
7.25	0.62745
7.375	0.642337
7.5	0.657367
7.625	0.672546
7.75	0.687877
7.875	0.703362
8	0.719006
8.125	0.734814
8.25	0.750791
8.375	0.766943
8.5	0.783277
8.625	0.7998
8.75	0.816522
8.875	0.833453
9	0.850606
9.125	0.867998
9.25	0.885648
9.375	0.903582
9.5	0.921834
9.625	0.940454
9.75	0.959521
9.875	0.979187
10	1
10.125	1
10.25	1
10.375	1
10.5	1
10.625	1
10.75	1
10.875	1
11	1
11.125	1
11.25	1
11.375	1
11.5	1
11.625	1
11.75	1
11.875	1
12	1
market amount supplied[w4,a1]
0	2.92058e-07
0.125	0.0208129
0.25	0.0404794
0.375	0.0595463
0.5	0.0781664
0.625	0.096418
0.75	0.114352
0.875	0.132002
1	0.149394
1.125	0.166547
1.25	0.183479
1.375	0.2002
1.5	0.216724
1.625	0.233057
1.75	0.249209
1.875	0.265186
2	0.280994
2.125	0.296638
2.25	0.312123
2.375	0.327454
2.5	0.342633
2.625	0.357664
2.75	0.37255
2.875	0.387295
3	0.4019
3.125	0.416367
3.25	0.430699
3.375	0.444899
3.5	0.458968
3.625	0.472906
3.75	0.486718
3.875	0.500401
4	0.513957
4.125	0.527389
4.25	0.540693
4.375	0.553871
4.5	0.566926
4.625	0.579857
4.75	0.592664
4.875	0.605347
5	0.617909
5.125	0.630349
5.25	0.642664
5.375	0.654857
5.5	0.666926
5.625	0.678872
5.75	0.690693
5.875	0.702389
6	0.713957
6.125	0.725401
6.25	0.736719
6.375	0.747906
6.5	0.758968
6.625	0.7699
6.75	0.7807
6.875	0.791368
7	0.8019
7.125	0.812295
7.25	0.822551
7.375	0.832665
7.5	0.842633
7.625	0.852454
7.75	0.862124
7.875	0.871639
8	0.880995
8.125	0.890187
8.25	0.89921
8.375	0.908058
8.5	0.916725
8.625	0.925202
8.75	0.93348
8.875	0.941548
9	0.949395
9.125	0.957003
9.25	0.964353
9.375	0.971419
9.5	0.978167
9.625	0.984547
9.75	0.99048
9.875	0.995814
10	1
10.125	1
10.25	1
10.375	1
10.5	1
10.625	1
10.75	1
10.875	1
11	1
11.125	1
11.25	1
11.375	1
11.5	1
11.625	1
11.75	1
11.875	1
12	1
market amount supplied[w4,a2]
0	1.09826e-08
0.125	0.00418569
0.25	0.00951986
0.375	0.0154526
0.5	0.0218326
0.625	0.0285807
0.75	0.0356472
0.875	0.0429973
1	0.0506055
1.125	0.0584517
1.25	0.0665203
1.375	0.0747983
1.5	0.0832754
1.625	0.091942
1.75	0.10079
1.875	0.109813
2	0.119005
2.125	0.128361
2.25	0.137876
2.375	0.147546
2.5	0.157367
2.625	0.167335
2.75	0.177449
2.875	0.187705
3	0.1981
3.125	0.208632
3.25	0.2193
3.375	0.2301
3.5	0.241032
3.625	0.252094
3.75	0.263281
3.875	0.274599
4	0.286043
4.125	0.297611
4.25	0.309307
4.375	0.321128
4.5	0.333074
4.625	0.345143
4.75	0.357336
4.875	0.369651
5	0.382091
5.125	0.394653
5.25	0.407336
5.375	0.420143
5.5	0.433074
5.625	0.446129
5.75	0.459307
5.875	0.472611
6	0.486043
6.125	0.499599
6.25	0.513282
6.375	0.527094
6.5	0.541033
6.625	0.555101
6.75	0.569301
6.875	0.583634
7	0.5981
7.125	0.612705
7.25	0.62745
7.375	0.642337
7.5	0.657367
7.625	0.672546
7.75	0.687877
7.875	0.703362
8	0.719006
8.125	0.734814
8.25	0.750791
8.375	0.766943
8.5	0.783277
8.625	0.7998
8.75	0.816522
8.875	0.833453
9	0.850606
9.125	0.867998
9.25	0.885648
9.375	0.903582
9.5	0.921834
9.625	0.940454
9.75	0.959521
9.875	0.979187
10	1
10.125	1
10.25	1
10.375	1
10.5	1
10.625	1
10.75	1
10.875	1
11	1
11.125	1
11.25	1
11.375	1
11.5	1
11.625	1
11.75	1
11.875	1
12	1
market amount supplied[w5,a1]
0	2.92058e-07
0.125	0.0197444
0.25	0.0383797
0.375	0.0564618
0.5	0.0741394
0.625	0.0914877
0.75	0.108555
0.875	0.125374
1	0.141967
1.125	0.158355
1.25	0.17455
1.375	0.190566
1.5	0.206413
1.625	0.222099
1.75	0.23763
1.875	0.253013
2	0.268254
2.125	0.283356
2.25	0.298326
2.375	0.313166
2.5	0.32788
2.625	0.342469
2.75	0.356939
2.875	0.37129
3	0.385526
3.125	0.399646
3.25	0.413656
3.375	0.427556
3.5	0.441347
3.625	0.45503
3.75	0.468607
3.875	0.482082
4	0.495452
4.125	0.508717
4.25	0.521882
4.375	0.534941
4.5	0.547898
4.625	0.560753
4.75	0.573506
4.875	0.586157
5	0.598709
5.125	0.611159
5.25	0.623506
5.375	0.635753
5.5	0.647899
5.625	0.659942
5.75	0.671882
5.875	0.683717
6	0.695453
6.125	0.707082
6.25	0.718609
6.375	0.73003
6.5	0.741347
6.625	0.752556
6.75	0.763657
6.875	0.774648
7	0.785526
7.125	0.796291
7.25	0.80694
7.375	0.817471
7.5	0.82788
7.625	0.838167
7.75	0.848327
7.875	0.858358
8	0.868254
8.125	0.878014
8.25	0.887631
8.375	0.897099
8.5	0.906414
8.625	0.915568
8.75	0.924551
8.875	0.933355
9	0.941968
9.125	0.950374
9.25	0.958556
9.375	0.966489
9.5	0.97414
9.625	0.981463
9.75	0.988381
9.875	0.994746
10	1
10.125	1
10.25	1
10.375	1
10.5	1
10.625	1
10.75	1
10.875	1
11	1
11.125	1
11.25	1
11.375	1
11.5	1
11.625	1
11.75	1
11.875	1
12	1
market amount supplied[w5,a2]
0	1.94401e-08
0.125	0.00525438
0.25	0.0116195
0.375	0.0185371
0.5	0.0258597
0.625	0.033511
0.75	0.041444
0.875	0.0496257
1	0.0580321
1.125	0.0666446
1.25	0.0754487
1.375	0.0844323
1.5	0.093586
1.625	0.102901
1.75	0.112369
1.875	0.121986
2	0.131746
2.125	0.141642
2.25	0.151673
2.375	0.161833
2.5	0.17212
2.625	0.182529
2.75	0.19306
2.875	0.203709
3	0.214474
3.125	0.225352
3.25	0.236343
3.375	0.247444
3.5	0.258653
3.625	0.26997
3.75	0.281391
3.875	0.292918
4	0.304547
4.125	0.316283
4.25	0.328118
4.375	0.340058
4.5	0.352101
4.625	0.364247
4.75	0.376494
4.875	0.388841
5	0.401291
5.125	0.413843
5.25	0.426494
5.375	0.439247
5.5	0.452102
5.625	0.465059
5.75	0.478118
5.875	0.491283
6	0.504548
6.125	0.517918
6.25	0.531393
6.375	0.54497
6.5	0.558653
6.625	0.572444
6.75	0.586344
6.875	0.600354
7	0.614474
7.125	0.62871
7.25	0.643061
7.375	0.657531
7.5	0.67212
7.625	0.686834
7.75	0.701674
7.875	0.716644
8	0.731746
8.125	0.746987
8.25	0.76237
8.375	0.777901
8.5	0.793587
8.625	0.809434
8.75	0.82545
8.875	0.841645
9	0.858033
9.125	0.874626
9.25	0.891445
9.375	0.908512
9.5	0.925861
9.625	0.943538
9.75	0.96162
9.875	0.980256
10	1
10.125	1
10.25	1
10.375	1
10.5	1
10.625	1
10.75	1
10.875	1
11	1
11.125	1
11.25	1
11.375	1
11.5	1
11.625	1
11.75	1
11.875	1
12	1
market amount supplied[w6,a1]
0	2.92058e-07
0.125	0.0171557
0.25	0.0334837
0.375	0.049428
0.5	0.0650999
0.625	0.0805543
0.75	0.0958259
0.875	0.110937
1	0.125906
1.125	0.140743
1.25	0.155461
1.375	0.170067
1.5	0.184568
1.625	0.198969
1.75	0.213275
1.875	0.227492
2	0.241621
2.125	0.255667
2.25	0.269632
2.375	0.283519
2.5	0.29733
2.625	0.311067
2.75	0.324731
2.875	0.338325
3	0.35185
3.125	0.365306
3.25	0.378697
3.375	0.392022
3.5	0.405283
3.625	0.418479
3.75	0.431613
3.875	0.444686
4	0.457697
4.125	0.470648
4.25	0.48354
4.375	0.496371
4.5	0.509142
4.625	0.521856
4.75	0.534507
4.875	0.547096
5	0.559627
5.125	0.572098
5.25	0.584507
5.375	0.596856
5.5	0.609142
5.625	0.621373
5.75	0.63354
5.875	0.645648
6	0.657697
6.125	0.669686
6.25	0.681614
6.375	0.69348
6.5	0.705283
6.625	0.717023
6.75	0.728698
6.875	0.740308
7	0.751851
7.125	0.763326
7.25	0.774732
7.375	0.786068
7.5	0.797331
7.625	0.80852
7.75	0.819633
7.875	0.830668
8	0.841622
8.125	0.852493
8.25	0.863276
8.375	0.87397
8.5	0.884568
8.625	0.895068
8.75	0.905462
8.875	0.915744
9	0.925906
9.125	0.935938
9.25	0.945827
9.375	0.955556
9.5	0.965101
9.625	0.974429
9.75	0.983485
9.875	0.992157
10	1
10.125	1
10.25	1
10.375	1
10.5	1
10.625	1
10.75	1
10.875	1
11	1
11.125	1
11.25	1
11.375	1
11.5	1
11.625	1
11.75	1
11.875	1
12	1
market amount supplied[w6,a2]
0	5.91606e-08
0.125	0.00784302
0.25	0.0165154
0.375	0.0255708
0.5	0.0348991
0.625	0.0444445
0.75	0.0541733
0.875	0.064062
1	0.0740939
1.125	0.0842559
1.25	0.0945381
1.375	0.104932
1.5	0.115432
1.625	0.12603
1.75	0.136724
1.875	0.147507
2	0.158378
2.125	0.169332
2.25	0.180367
2.375	0.19148
2.5	0.202669
2.625	0.213932
2.75	0.225268
2.875	0.236674
3	0.248149
3.125	0.259692
3.25	0.271302
3.375	0.282977
3.5	0.294717
3.625	0.30652
3.75	0.318386
3.875	0.330314
4	0.342303
4.125	0.354352
4.25	0.36646
4.375	0.378627
4.5	0.390858
4.625	0.403144
4.75	0.415493
4.875	0.427902
5	0.440373
5.125	0.452904
5.25	0.465493
5.375	0.478144
5.5	0.490858
5.625	0.503629
5.75	0.51646
5.875	0.529352
6	0.542303
6.125	0.555314
6.25	0.568387
6.375	0.581521
6.5	0.594717
6.625	0.607978
6.75	0.621303
6.875	0.634694
7	0.64815
7.125	0.661675
7.25	0.675269
7.375	0.688934
7.5	0.70267
7.625	0.716481
7.75	0.730368
7.875	0.744333
8	0.758379
8.125	0.772508
8.25	0.786725
8.375	0.801031
8.5	0.815432
8.625	0.829934
8.75	0.844539
8.875	0.859257
9	0.874095
9.125	0.889063
9.25	0.904174
9.375	0.919446
9.5	0.9349
9.625	0.950572
9.75	0.966516
9.875	0.982844
10	1
10.125	1
10.25	1
10.375	1
10.5	1
10.625	1
10.75	1
10.875	1
11	1
11.125	1
11.25	1
11.375	1
11.5	1
11.625	1
11.75	1
11.875	1
12	1
market amount supplied[w7,a1]
0	2.92058e-07
0.125	0.0129844
0.25	0.0258754
0.375	0.0387249
0.5	0.0515457
0.625	0.0643432
0.75	0.0771222
0.875	0.0898844
1	0.102632
1.125	0.115366
1.25	0.128087
1.375	0.140798
1.5	0.153497
1.625	0.166186
1.75	0.178867
1.875	0.191537
2	0.2042
2.125	0.216853
2.25	0.229499
2.375	0.242136
2.5	0.254767
2.625	0.267389
2.75	0.280005
2.875	0.292613
3	0.305215
3.125	0.317809
3.25	0.330398
3.375	0.342979
3.5	0.355555
3.625	0.368124
3.75	0.380686
3.875	0.393243
4	0.405793
4.125	0.418338
4.25	0.430877
4.375	0.443409
4.5	0.455936
4.625	0.468458
4.75	0.480974
4.875	0.493484
5	0.505984
5.125	0.518484
5.25	0.530974
5.375	0.543458
5.5	0.555937
5.625	0.56841
5.75	0.580877
5.875	0.593338
6	0.605794
6.125	0.618243
6.25	0.630687
6.375	0.643124
6.5	0.655555
6.625	0.66798
6.75	0.680398
6.875	0.692811
7	0.705215
7.125	0.717614
7.25	0.730005
7.375	0.74239
7.5	0.754767
7.625	0.767137
7.75	0.7795
7.875	0.791854
8	0.8042
8.125	0.816538
8.25	0.828867
8.375	0.841188
8.5	0.853498
8.625	0.865798
8.75	0.878089
8.875	0.890367
9	0.902633
9.125	0.914885
9.25	0.927123
9.375	0.939345
9.5	0.951547
9.625	0.963726
9.75	0.975876
9.875	0.987985
10	1
10.125	1
10.25	1
10.375	1
10.5	1
10.625	1
10.75	1
10.875	1
11	1
11.125	1
11.25	1
11.375	1
11.5	1
11.625	1
11.75	1
11.875	1
12	1
market amount supplied[w7,a2]
0	2.49935e-07
0.125	0.0120149
0.25	0.0241237
0.375	0.0362739
0.5	0.0484533
0.625	0.0606553
0.75	0.0728768
0.875	0.0851148
1	0.0973675
1.125	0.109633
1.25	0.121912
1.375	0.134202
1.5	0.146502
1.625	0.158812
1.75	0.171133
1.875	0.183462
2	0.1958
2.125	0.208146
2.25	0.220501
2.375	0.232863
2.5	0.245233
2.625	0.25761
2.75	0.269995
2.875	0.282386
3	0.294785
3.125	0.307189
3.25	0.319602
3.375	0.33202
3.5	0.344445
3.625	0.356876
3.75	0.369313
3.875	0.381757
4	0.394206
4.125	0.406662
4.25	0.419123
4.375	0.43159
4.5	0.444063
4.625	0.456542
4.75	0.469026
4.875	0.481516
5	0.494016
5.125	0.506516
5.25	0.519026
5.375	0.531542
5.5	0.544064
5.625	0.556591
5.75	0.569123
5.875	0.581662
6	0.594207
6.125	0.606757
6.25	0.619314
6.375	0.631876
6.5	0.644445
6.625	0.657021
6.75	0.669603
6.875	0.682191
7	0.694785
7.125	0.707387
7.25	0.719995
7.375	0.732611
7.5	0.745233
7.625	0.757864
7.75	0.770502
7.875	0.783147
8	0.7958
8.125	0.808463
8.25	0.821133
8.375	0.833814
8.5	0.846503
8.625	0.859202
8.75	0.871913
8.875	0.884635
9	0.897368
9.125	0.910116
9.25	0.922878
9.375	0.935657
9.5	0.948454
9.625	0.961275
9.75	0.974125
9.875	0.987016
10	1
10.125	1
10.25	1
10.375	1
10.5	1
10.625	1
10.75	1
10.875	1
11	1
11.125	1
11.25	1
11.375	1
11.5	1
11.625	1
11.75	1
11.875	1
12	1
market demand[w0,a1]
0	0
0.125	0.025
0.25	0.05
0.375	0.075
0.5	0.1
0.625	0.125
0.75	0.15
0.875	0.175
1	0.2
1.125	0.225
1.25	0.25
1.375	0.275
1.5	0.3
1.625	0.325
1.75	0.35
1.875	0.375
2	0.4
2.125	0.425
2.25	0.45
2.375	0.475
2.5	0.5
2.625	0.525
2.75	0.55
2.875	0.575
3	0.6
3.125	0.625
3.25	0.65
3.375	0.675
3.5	0.7
3.625	0.725
3.75	0.75
3.875	0.775
4	0.8
4.125	0.825
4.25	0.85
4.375	0.875
4.5	0.9
4.625	0.925
4.75	0.95
4.875	0.975
5	1
5.125	1.025
5.25	1.05
5.375	1.075
5.5	1.1
5.625	1.125
5.75	1.15
5.875	1.175
6	1.2
6.125	1.225
6.25	1.25
6.375	1.275
6.5	1.3
6.625	1.325
6.75	1.35
6.875	1.375
7	1.4
7.125	1.425
7.25	1.45
7.375	1.475
7.5	1.5
7.625	1.525
7.75	1.55
7.875	1.575
8	1.6
8.125	1.625
8.25	1.65
8.375	1.675
8.5	1.7
8.625	1.725
8.75	1.75
8.875	1.775
9	1.8
9.125	1.825
9.25	1.85
9.375	1.875
9.5	1.9
9.625	1.925
9.75	1.95
9.875	1.975
10	2
10.125	2.025
10.25	2.05
10.375	2.075
10.5	2.1
10.625	2.125
10.75	2.15
10.875	2.175
11	2.2
11.125	2.225
11.25	2.25
11.375	2.275
11.5	2.3
11.625	2.325
11.75	2.35
11.875	2.375
12	2.4
market demand[w0,a2]
0	0
market demand[w1,a1]
0	0
0.125	0.025
0.25	0.05
0.375	0.075
0.5	0.1
0.625	0.125
0.75	0.15
0.875	0.175
1	0.2
1.125	0.225
1.25	0.25
1.375	0.275
1.5	0.3
1.625	0.325
1.75	0.35
1.875	0.375
2	0.4
2.125	0.425
2.25	0.45
2.375	0.475
2.5	0.5
2.625	0.525
2.75	0.55
2.875	0.575
3	0.6
3.125	0.625
3.25	0.65
3.375	0.675
3.5	0.7
3.625	0.725
3.75	0.75
3.875	0.775
4	0.8
4.125	0.825
4.25	0.85
4.375	0.875
4.5	0.9
4.625	0.925
4.75	0.95
4.875	0.975
5	1
5.125	1.025
5.25	1.05
5.375	1.075
5.5	1.1
5.625	1.125
5.75	1.15
5.875	1.175
6	1.2
6.125	1.225
6.25	1.25
6.375	1.275
6.5	1.3
6.625	1.325
6.75	1.35
6.875	1.375
7	1.4
7.125	1.425
7.25	1.45
7.375	1.475
7.5	1.5
7.625	1.525
7.75	1.55
7.875	1.575
8	1.6
8.125	1.625
8.25	1.65
8.375	1.675
8.5	1.7
8.625	1.725
8.75	1.75
8.875	1.775
9	1.8
9.125	1.825
9.25	1.85
9.375	1.875
9.5	1.9
9.625	1.925
9.75	1.95
9.875	1.975
10	2
10.125	2.025
10.25	2.05
10.375	2.075
10.5	2.1
10.625	2.125
10.75	2.15
10.875	2.175
11	2.2
11.125	2.225
11.25	2.25
11.375	2.275
11.5	2.3
11.625	2.325
11.75	2.35
11.875	2.375
12	2.4
market demand[w1,a2]
0	0
market demand[w2,a1]
0	0
0.125	0.025
0.25	0.05
0.375	0.075
0.5	0.1
0.625	0.125
0.75	0.15
0.875	0.175
1	0.2
1.125	0.225
1.25	0.25
1.375	0.275
1.5	0.3
1.625	0.325
1.75	0.35
1.875	0.375
2	0.4
2.125	0.425
2.25	0.45
2.375	0.475
2.5	0.5
2.625	0.525
2.75	0.55
2.875	0.575
3	0.6
3.125	0.625
3.25	0.65
3.375	0.675
3.5	0.7
3.625	0.725
3.75	0.75
3.875	0.775
4	0.8
4.125	0.825
4.25	0.85
4.375	0.875
4.5	0.9
4.625	0.925
4.75	0.95
4.875	0.975
5	1
5.125	1.025
5.25	1.05
5.375	1.075
5.5	1.1
5.625	1.125
5.75	1.15
5.875	1.175
6	1.2
6.125	1.225
6.25	1.25
6.375	1.275
6.5	1.3
6.625	1.325
6.75	1.35
6.875	1.375
7	1.4
7.125	1.425
7.25	1.45
7.375	1.475
7.5	1.5
7.625	1.525
7.75	1.55
7.875	1.575
8	1.6
8.125	1.625
8.25	1.65
8.375	1.675
8.5	1.7
8.625	1.725
8.75	1.75
8.875	1.775
9	1.8
9.125	1.825
9.25	1.85
9.375	1.875
9.5	1.9
9.625	1.925
9.75	1.95
9.875	1.975
10	2
10.125	2.025
10.25	2.05
10.375	2.075
10.5	2.1
10.625	2.125
10.75	2.15
10.875	2.175
11	2.2
11.125	2.225
11.25	2.25
11.375	2.275
11.5	2.3
11.625	2.325
11.75	2.35
11.875	2.375
12	2.4
market demand[w2,a2]
0	0
market demand[w3,a1]
0	0
0.125	0.025
0.25	0.05
0.375	0.075
0.5	0.1
0.625	0.125
0.75	0.15
0.875	0.175
1	0.2
1.125	0.225
1.25	0.25
1.375	0.275
1.5	0.3
1.625	0.325
1.75	0.35
1.875	0.375
2	0.4
2.125	0.425
2.25	0.45
2.375	0.475
2.5	0.5
2.625	0.525
2.75	0.55
2.875	0.575
3	0.6
3.125	0.625
3.25	0.65
3.375	0.675
3.5	0.7
3.625	0.725
3.75	0.75
3.875	0.775
4	0.8
4.125	0.825
4.25	0.85
4.375	0.875
4.5	0.9
4.625	0.925
4.75	0.95
4.875	0.975
5	1
5.125	1.025
5.25	1.05
5.375	1.075
5.5	1.1
5.625	1.125
5.75	1.15
5.875	1.175
6	1.2
6.125	1.225
6.25	1.25
6.375	1.275
6.5	1.3
6.625	1.325
6.75	1.35
6.875	1.375
7	1.4
7.125	1.425
7.25	1.45
7.375	1.475
7.5	1.5
7.625	1.525
7.75	1.55
7.875	1.575
8	1.6
8.125	1.625
8.25	1.65
8.375	1.675
8.5	1.7
8.625	1.725
8.75	1.75
8.875	1.775
9	1.8
9.125	1.825
9.25	1.85
9.375	1.875
9.5	1.9
9.625	1.925
9.75	1.95
9.875	1.975
10	2
10.125	2.025
10.25	2.05
10.375	2.075
10.5	2.1
10.625	2.125
10.75	2.15
10.875	2.175
11	2.2
11.125	2.225
11.25	2.25
11.375	2.275
11.5	2.3
11.625	2.325
11.75	2.35
11.875	2.375
12	2.4
market demand[w3,a2]
0	0
market demand[w4,a1]
0	0
0.125	0.025
0.25	0.05
0.375	0.075
0.5	0.1
0.625	0.125
0.75	0.15
0.875	0.175
1	0.2
1.125	0.225
1.25	0.25
1.375	0.275
1.5	0.3
1.625	0.325
1.75	0.35
1.875	0.375
2	0.4
2.125	0.425
2.25	0.45
2.375	0.475
2.5	0.5
2.625	0.525
2.75	0.55
2.875	0.575
3	0.6
3.125	0.625
3.25	0.65
3.375	0.675
3.5	0.7
3.625	0.725
3.75	0.75
3.875	0.775
4	0.8
4.125	0.825
4.25	0.85
4.375	0.875
4.5	0.9
4.625	0.925
4.75	0.95
4.875	0.975
5	1
5.125	1.025
5.25	1.05
5.375	1.075
5.5	1.1
5.625	1.125
5.75	1.15
5.875	1.175
6	1.2
6.125	1.225
6.25	1.25
6.375	1.275
6.5	1.3
6.625	1.325
6.75	1.35
6.875	1.375
7	1.4
7.125	1.425
7.25	1.45
7.375	1.475
7.5	1.5
7.625	1.525
7.75	1.55
7.875	1.575
8	1.6
8.125	1.625
8.25	1.65
8.375	1.675
8.5	1.7
8.625	1.725
8.75	1.75
8.875	1.775
9	1.8
9.125	1.825
9.25	1.85
9.375	1.875
9.5	1.9
9.625	1.925
9.75	1.95
9.875	1.975
10	2
10.125	2.025
10.25	2.05
10.375	2.075
10.5	2.1
10.625	2.125
10.75	2.15
10.875	2.175
11	2.2
11.125	2.225
11.25	2.25
11.375	2.275
11.5	2.3
11.625	2.325
11.75	2.35
11.875	2.375
12	2.4
market demand[w4,a2]
0	0
market demand[w5,a1]
0	0
0.125	0.025
0.25	0.05
0.375	0.075
0.5	0.1
0.625	0.125
0.75	0.15
0.875	0.175
1	0.2
1.125	0.225
1.25	0.25
1.375	0.275
1.5	0.3
1.625	0.325
1.75	0.35
1.875	0.375
2	0.4
2.125	0.425
2.25	0.45
2.375	0.475
2.5	0.5
2.625	0.525
2.75	0.55
2.875	0.575
3	0.6
3.125	0.625
3.25	0.65
3.375	0.675
3.5	0.7
3.625	0.725
3.75	0.75
3.875	0.775
4	0.8
4.125	0.825
4.25	0.85
4.375	0.875
4.5	0.9
4.625	0.925
4.75	0.95
4.875	0.975
5	1
5.125	1.025
5.25	1.05
5.375	1.075
5.5	1.1
5.625	1.125
5.75	1.15
5.875	1.175
6	1.2
6.125	1.225
6.25	1.25
6.375	1.275
6.5	1.3
6.625	1.325
6.75	1.35
6.875	1.375
7	1.4
7.125	1.425
7.25	1.45
7.375	1.475
7.5	1.5
7.625	1.525
7.75	1.55
7.875	1.575
8	1.6
8.125	1.625
8.25	1.65
8.375	1.675
8.5	1.7
8.625	1.725
8.75	1.75
8.875	1.775
9	1.8
9.125	1.825
9.25	1.85
9.375	1.875
9.5	1.9
9.625	1.925
9.75	1.95
9.875	1.975
10	2
10.125	2.025
10.25	2.05
10.375	2.075
10.5	2.1
10.625	2.125
10.75	2.15
10.875	2.175
11	2.2
11.125	2.225
11.25	2.25
11.375	2.275
11.5	2.3
11.625	2.325
11.75	2.35
11.875	2.375
12	2.4
market demand[w5,a2]
0	0
market demand[w6,a1]
0	0
0.125	0.025
0.25	0.05
0.375	0.075
0.5	0.1
0.625	0.125
0.75	0.15
0.875	0.175
1	0.2
1.125	0.225
1.25	0.25
1.375	0.275
1.5	0.3
1.625	0.325
1.75	0.35
1.875	0.375
2	0.4
2.125	0.425
2.25	0.45
2.375	0.475
2.5	0.5
2.625	0.525
2.75	0.55
2.875	0.575
3	0.6
3.125	0.625
3.25	0.65
3.375	0.675
3.5	0.7
3.625	0.725
3.75	0.75
3.875	0.775
4	0.8
4.125	0.825
4.25	0.85
4.375	0.875
4.5	0.9
4.625	0.925
4.75	0.95
4.875	0.975
5	1
5.125	1.025
5.25	1.05
5.375	1.075
5.5	1.1
5.625	1.125
5.75	1.15
5.875	1.175
6	1.2
6.125	1.225
6.25	1.25
6.375	1.275
6.5	1.3
6.625	1.325
6.75	1.35
6.875	1.375
7	1.4
7.125	1.425
7.25	1.45
7.375	1.475
7.5	1.5
7.625	1.525
7.75	1.55
7.875	1.575
8	1.6
8.125	1.625
8.25	1.65
8.375	1.675
8.5	1.7
8.625	1.725
8.75	1.75
8.875	1.775
9	1.8
9.125	1.825
9.25	1.85
9.375	1.875
9.5	1.9
9.625	1.925
9.75	1.95
9.875	1.975
10	2
10.125	2.025
10.25	2.05
10.375	2.075
10.5	2.1
10.625	2.125
10.75	2.15
10.875	2.175
11	2.2
11.125	2.225
11.25	2.25
11.375	2.275
11.5	2.3
11.625	2.325
11.75	2.35
11.875	2.375
12	2.4
market demand[w6,a2]
0	0
market demand[w7,a1]
0	0
0.125	0.025
0.25	0.05
0.375	0.075
0.5	0.1
0.625	0.125
0.75	0.15
0.875	0.175
1	0.2
1.125	0.225
1.25	0.25
1.375	0.275
1.5	0.3
1.625	0.325
1.75	0.35
1.875	0.375
2	0.4
2.125	0.425
2.25	0.45
2.375	0.475
2.5	0.5
2.625	0.525
2.75	0.55
2.875	0.575
3	0.6
3.125	0.625
3.25	0.65
3.375	0.675
3.5	0.7
3.625	0.725
3.75	0.75
3.875	0.775
4	0.8
4.125	0.825
4.25	0.85
4.375	0.875
4.5	0.9
4.625	0.925
4.75	0.95
4.875	0.975
5	1
5.125	1.025
5.25	1.05
5.375	1.075
5.5	1.1
5.625	1.125
5.75	1.15
5.875	1.175
6	1.2
6.125	1.225
6.25	1.25
6.375	1.275
6.5	1.3
6.625	1.325
6.75	1.35
6.875	1.375
7	1.4
7.125	1.425
7.25	1.45
7.375	1.475
7.5	1.5
7.625	1.525
7.75	1.55
7.875	1.575
8	1.6
8.125	1.625
8.25	1.65
8.375	1.675
8.5	1.7
8.625	1.725
8.75	1.75
8.875	1.775
9	1.8
9.125	1.825
9.25	1.85
9.375	1.875
9.5	1.9
9.625	1.925
9.75	1.95
9.875	1.975
10	2
10.125	2.025
10.25	2.05
10.375	2.075
10.5	2.1
10.625	2.125
10.75	2.15
10.875	2.175
11	2.2
11.125	2.225
11.25	2.25
11.375	2.275
11.5	2.3
11.625	2.325
11.75	2.35
11.875	2.375
12	2.4
market demand[w7,a2]
0	0
market price[w0]
0	9.75
0.125	9.89813
0.25	9.91274
0.375	9.92207
0.5	9.92913
0.625	9.93489
0.75	9.93982
0.875	9.94415
1	9.94805
1.125	9.95161
1.25	9.95489
1.375	9.95795
1.5	9.96083
1.625	9.96356
1.75	9.96615
1.875	9.96863
2	9.971
2.125	9.97329
2.25	9.97551
2.375	9.97765
2.5	9.97973
2.625	9.98176
2.75	9.98374
2.875	9.98568
3	9.98758
3.125	9.98944
3.25	9.99127
3.375	9.99307
3.5	9.99485
3.625	9.9966
3.75	9.99834
3.875	10.0001
4	10.0017
4.125	10.0034
4.25	10.0051
4.375	10.0068
4.5	10.0084
4.625	10.0101
4.75	10.0117
4.875	10.0134
5	10.015
5.125	10.0166
5.25	10.0183
5.375	10.0199
5.5	10.0216
5.625	10.0232
5.75	10.0249
5.875	10.0266
6	10.0283
6.125	10.0299
6.25	10.0317
6.375	10.0334
6.5	10.0352
6.625	10.0369
6.75	10.0387
6.875	10.0406
7	10.0424
7.125	10.0443
7.25	10.0463
7.375	10.0482
7.5	10.0503
7.625	10.0523
7.75	10.0545
7.875	10.0567
8	10.059
8.125	10.0614
8.25	10.0639
8.375	10.0664
8.5	10.0692
8.625	10.072
8.75	10.0751
8.875	10.0784
9	10.082
9.125	10.0858
9.25	10.0902
9.375	10.0951
9.5	10.1009
9.625	10.1079
9.75	10.1173
9.875	10.1319
10	10.28
10.125	10.28
10.25	10.28
10.375	10.28
10.5	10.28
10.625	10.28
10.75	10.28
10.875	10.28
11	10.28
11.125	10.28
11.25	10.28
11.375	10.28
11.5	10.28
11.625	10.28
11.75	10.28
11.875	10.28
12	10.28
market price[w1]
0	9.75
0.125	9.89813
0.25	9.91274
0.375	9.92207
0.5	9.92913
0.625	9.93489
0.75	9.93982
0.875	9.94415
1	9.94805
1.125	9.95161
1.25	9.95489
1.375	9.95795
1.5	9.96083
1.625	9.96356
1.75	9.96615
1.875	9.96863
2	9.971
2.125	9.97329
2.25	9.97551
2.375	9.97765
2.5	9.97973
2.625	9.98176
2.75	9.98374
2.875	9.98568
3	9.98758
3.125	9.98944
3.25	9.99127
3.375	9.99307
3.5	9.99485
3.625	9.9966
3.75	9.99834
3.875	10.0001
4	10.0017
4.125	10.0034
4.25	10.0051
4.375	10.0068
4.5	10.0084
4.625	10.0101
4.75	10.0117
4.875	10.0134
5	10.015
5.125	10.0166
5.25	10.0183
5.375	10.0199
5.5	10.0216
5.625	10.0232
5.75	10.0249
5.875	10.0266
6	10.0283
6.125	10.0299
6.25	10.0317
6.375	10.0334
6.5	10.0352
6.625	10.0369
6.75	10.0387
6.875	10.0406
7	10.0424
7.125	10.0443
7.25	10.0463
7.375	10.0482
7.5	10.0503
7.625	10.0523
7.75	10.0545
7.875	10.0567
8	10.059
8.125	10.0614
8.25	10.0639
8.375	10.0664
8.5	10.0692
8.625	10.072
8.75	10.0751
8.875	10.0784
9	10.082
9.125	10.0858
9.25	10.0902
9.375	10.0951
9.5	10.1009
9.625	10.1079
9.75	10.1173
9.875	10.1319
10	10.28
10.125	10.28
10.25	10.28
10.375	10.28
10.5	10.28
10.625	10.28
10.75	10.28
10.875	10.28
11	10.28
11.125	10.28
11.25	10.28
11.375	10.28
11.5	10.28
11.625	10.28
11.75	10.28
11.875	10.28
12	10.28
market price[w2]
0	9.75
0.125	9.89813
0.25	9.91274
0.375	9.92207
0.5	9.92913
0.625	9.93489
0.75	9.93982
0.875	9.94415
1	9.94805
1.125	9.95161
1.25	9.95489
1.375	9.95795
1.5	9.96083
1.625	9.96356
1.75	9.96615
1.875	9.96863
2	9.971
2.125	9.97329
2.25	9.97551
2.375	9.97765
2.5	9.97973
2.625	9.98176
2.75	9.98374
2.875	9.98568
3	9.98758
3.125	9.98944
3.25	9.99127
3.375	9.99307
3.5	9.99485
3.625	9.9966
3.75	9.99834
3.875	10.0001
4	10.0017
4.125	10.0034
4.25	10.0051
4.375	10.0068
4.5	10.0084
4.625	10.0101
4.75	10.0117
4.875	10.0134
5	10.015
5.125	10.0166
5.25	10.0183
5.375	10.0199
5.5	10.0216
5.625	10.0232
5.75	10.0249
5.875	10.0266
6	10.0283
6.125	10.0299
6.25	10.0317
6.375	10.0334
6.5	10.0352
6.625	10.0369
6.75	10.0387
6.875	10.0406
7	10.0424
7.125	10.0443
7.25	10.0463
7.375	10.0482
7.5	10.0503
7.625	10.0523
7.75	10.0545
7.875	10.0567
8	10.059
8.125	10.0614
8.25	10.0639
8.375	10.0664
8.5	10.0692
8.625	10.072
8.75	10.0751
8.875	10.0784
9	10.082
9.125	10.0858
9.25	10.0902
9.375	10.0951
9.5	10.1009
9.625	10.1079
9.75	10.1173
9.875	10.1319
10	10.28
10.125	10.28
10.25	10.28
10.375	10.28
10.5	10.28
10.625	10.28
10.75	10.28
10.875	10.28
11	10.28
11.125	10.28
11.25	10.28
11.375	10.28
11.5	10.28
11.625	10.28
11.75	10.28
11.875	10.28
12	10.28
market price[w3]
0	9.75
0.125	9.89813
0.25	9.91274
0.375	9.92207
0.5	9.92913
0.625	9.93489
0.75	9.93982
0.875	9.94415
1	9.94805
1.125	9.95161
1.25	9.95489
1.375	9.95795
1.5	9.96083
1.625	9.96356
1.75	9.96615
1.875	9.96863
2	9.971
2.125	9.97329
2.25	9.97551
2.375	9.97765
2.5	9.97973
2.625	9.98176
2.75	9.98374
2.875	9.98568
3	9.98758
3.125	9.98944
3.25	9.99127
3.375	9.99307
3.5	9.99485
3.625	9.9966
3.75	9.99834
3.875	10.0001
4	10.0017
4.125	10.0034
4.25	10.0051
4.375	10.0068
4.5	10.0084
4.625	10.0101
4.75	10.0117
4.875	10.0134
5	10.015
5.125	10.0166
5.25	10.0183
5.375	10.0199
5.5	10.0216
5.625	10.0232
5.75	10.0249
5.875	10.0266
6	10.0283
6.125	10.0299
6.25	10.0317
6.375	10.0334
6.5	10.0352
6.625	10.0369
6.75	10.0387
6.875	10.0406
7	10.0424
7.125	10.0443
7.25	10.0463
7.375	10.0482
7.5	10.0503
7.625	10.0523
7.75	10.0545
7.875	10.0567
8	10.059
8.125	10.0614
8.25	10.0639
8.375	10.0664
8.5	10.0692
8.625	10.072
8.75	10.0751
8.875	10.0784
9	10.082
9.125	10.0858
9.25	10.0902
9.375	10.0951
9.5	10.1009
9.625	10.1079
9.75	10.1173
9.875	10.1319
10	10.28
10.125	10.28
10.25	10.28
10.375	10.28
10.5	10.28
10.625	10.28
10.75	10.28
10.875	10.28
11	10.28
11.125	10.28
11.25	10.28
11.375	10.28
11.5	10.28
11.625	10.28
11.75	10.28
11.875	10.28
12	10.28
market price[w4]
0	9.75
0.125	9.89813
0.25	9.91274
0.375	9.92207
0.5	9.92913
0.625	9.93489
0.75	9.93982
0.875	9.94415
1	9.94805
1.125	9.95161
1.25	9.95489
1.375	9.95795
1.5	9.96083
1.625	9.96356
1.75	9.96615
1.875	9.96863
2	9.971
2.125	9.97329
2.25	9.97551
2.375	9.97765
2.5	9.97973
2.625	9.98176
2.75	9.98374
2.875	9.98568
3	9.98758
3.125	9.98944
3.25	9.99127
3.375	9.99307
3.5	9.99485
3.625	9.9966
3.75	9.99834
3.875	10.0001
4	10.0017
4.125	10.0034
4.25	10.0051
4.375	10.0068
4.5	10.0084
4.625	10.0101
4.75	10.0117
4.875	10.0134
5	10.015
5.125	10.0166
5.25	10.0183
5.375	10.0199
5.5	10.0216
5.625	10.0232
5.75	10.0249
5.875	10.0266
6	10.0283
6.125	10.0299
6.25	10.0317
6.375	10.0334
6.5	10.0352
6.625	10.0369
6.75	10.0387
6.875	10.0406
7	10.0424
7.125	10.0443
7.25	10.0463
7.375	10.0482
7.5	10.0503
7.625	10.0523
7.75	10.0545
7.875	10.0567
8	10.059
8.125	10.0614
8.25	10.0639
8.375	10.0664
8.5	10.0692
8.625	10.072
8.75	10.0751
8.875	10.0784
9	10.082
9.125	10.0858
9.25	10.0902
9.375	10.0951
9.5	10.1009
9.625	10.1079
9.75	10.1173
9.875	10.1319
10	10.28
10.125	10.28
10.25	10.28
10.375	10.28
10.5	10.28
10.625	10.28
10.75	10.28
10.875	10.28
11	10.28
11.125	10.28
11.25	10.28
11.375	10.28
11.5	10.28
11.625	10.28
11.75	10.28
11.875	10.28
12	10.28
market price[w5]
0	9.7
0.125	9.87644
0.25	9.89381
0.375	9.90489
0.5	9.91326
0.625	9.9201
0.75	9.92595
0.875	9.93109
1	9.93571
1.125	9.93993
1.25	9.94382
1.375	9.94745
1.5	9.95086
1.625	9.95409
1.75	9.95716
1.875	9.9601
2	9.96291
2.125	9.96562
2.25	9.96824
2.375	9.97078
2.5	9.97325
2.625	9.97565
2.75	9.978
2.875	9.98029
3	9.98254
3.125	9.98474
3.25	9.98691
3.375	9.98905
3.5	9.99115
3.625	9.99322
3.75	9.99528
3.875	9.99731
4	9.99932
4.125	10.0013
4.25	10.0033
4.375	10.0053
4.5	10.0072
4.625	10.0092
4.75	10.0111
4.875	10.0131
5	10.015
5.125	10.0169
5.25	10.0189
5.375	10.0208
5.5	10.0228
5.625	10.0247
5.75	10.0267
5.875	10.0287
6	10.0307
6.125	10.0327
6.25	10.0347
6.375	10.0368
6.5	10.0389
6.625	10.041
6.75	10.0431
6.875	10.0453
7	10.0475
7.125	10.0497
7.25	10.052
7.375	10.0543
7.5	10.0567
7.625	10.0592
7.75	10.0618
7.875	10.0644
8	10.0671
8.125	10.0699
8.25	10.0728
8.375	10.0759
8.5	10.0791
8.625	10.0825
8.75	10.0862
8.875	10.0901
9	10.0943
9.125	10.0989
9.25	10.1041
9.375	10.1099
9.5	10.1167
9.625	10.1251
9.75	10.1362
9.875	10.1536
10	10.33
10.125	10.33
10.25	10.33
10.375	10.33
10.5	10.33
10.625	10.33
10.75	10.33
10.875	10.33
11	10.33
11.125	10.33
11.25	10.33
11.375	10.33
11.5	10.33
11.625	10.33
11.75	10.33
11.875	10.33
12	10.33
market price[w6]
0	9.5
0.125	9.78834
0.25	9.8168
0.375	9.83496
0.5	9.84867
0.625	9.85987
0.75	9.86943
0.875	9.87785
1	9.88541
1.125	9.89231
1.25	9.89867
1.375	9.90461
1.5	9.91019
1.625	9.91547
1.75	9.92049
1.875	9.92529
2	9.92989
2.125	9.93432
2.25	9.9386
2.375	9.94275
2.5	9.94679
2.625	9.95071
2.75	9.95455
2.875	9.95829
3	9.96196
3.125	9.96557
3.25	9.96911
3.375	9.97259
3.5	9.97603
3.625	9.97942
3.75	9.98278
3.875	9.98609
4	9.98938
4.125	9.99264
4.25	9.99587
4.375	9.99909
4.5	10.0023
4.625	10.0055
4.75	10.0087
4.875	10.0118
5	10.015
5.125	10.0182
5.25	10.0213
5.375	10.0245
5.5	10.0277
5.625	10.0309
5.75	10.0341
5.875	10.0374
6	10.0406
6.125	10.0439
6.25	10.0472
6.375	10.0506
6.5	10.054
6.625	10.0574
6.75	10.0609
6.875	10.0644
7	10.068
7.125	10.0717
7.25	10.0755
7.375	10.0793
7.5	10.0832
7.625	10.0872
7.75	10.0914
7.875	10.0957
8	10.1001
8.125	10.1047
8.25	10.1095
8.375	10.1145
8.5	10.1198
8.625	10.1254
8.75	10.1313
8.875	10.1377
9	10.1446
9.125	10.1522
9.25	10.1606
9.375	10.1701
9.5	10.1813
9.625	10.195
9.75	10.2132
9.875	10.2417
10	10.53
10.125	10.53
10.25	10.53
10.375	10.53
10.5	10.53
10.625	10.53
10.75	10.53
10.875	10.53
11	10.53
11.125	10.53
11.25	10.53
11.375	10.53
11.5	10.53
11.625	10.53
11.75	10.53
11.875	10.53
12	10.53
market price[w7]
0	5
0.125	7.773
0.25	8.05467
0.375	8.23428
0.5	8.36996
0.625	8.48074
0.75	8.57535
0.875	8.65859
1	8.73336
1.125	8.80157
1.25	8.86457
1.375	8.9233
1.5	8.97848
1.625	9.03068
1.75	9.08032
1.875	9.12776
2	9.17328
2.125	9.21712
2.25	9.25948
2.375	9.30053
2.5	9.34041
2.625	9.37924
2.75	9.41714
2.875	9.4542
3	9.49051
3.125	9.52613
3.25	9.56116
3.375	9.59563
3.5	9.62962
3.625	9.66316
3.75	9.69631
3.875	9.72912
4	9.76163
4.125	9.79387
4.25	9.82588
4.375	9.85769
4.5	9.88935
4.625	9.92088
4.75	9.95231
4.875	9.98367
5	10.015
5.125	10.0463
5.25	10.0777
5.375	10.1091
5.5	10.1407
5.625	10.1723
5.75	10.2041
5.875	10.2361
6	10.2684
6.125	10.3009
6.25	10.3337
6.375	10.3668
6.5	10.4004
6.625	10.4344
6.75	10.4688
6.875	10.5039
7	10.5395
7.125	10.5758
7.25	10.6129
7.375	10.6508
7.5	10.6896
7.625	10.7295
7.75	10.7705
7.875	10.8129
8	10.8567
8.125	10.9022
8.25	10.9497
8.375	10.9993
8.5	11.0515
8.625	11.1067
8.75	11.1654
8.875	11.2284
9	11.2966
9.125	11.3714
9.25	11.4546
9.375	11.5493
9.5	11.66
9.625	11.7957
9.75	11.9753
9.875	12.257
10	15.03
10.125	15.03
10.25	15.03
10.375	15.03
10.5	15.03
10.625	15.03
10.75	15.03
10.875	15.03
11	15.03
11.125	15.03
11.25	15.03
11.375	15.03
11.5	15.03
11.625	15.03
11.75	15.03
11.875	15.03
12	15.03
priority offset[a1]
0	0
priority offset[a2]
0	0.03
profile[w0,a1,ptype]
0	3
profile[w0,a1,ppriority]
0	10
0.125	10
0.25	10
0.375	10
0.5	10
0.625	10
0.75	10
0.875	10
1	10
1.125	10
1.25	10
1.375	10
1.5	10
1.625	10
1.75	10
1.875	10
2	10
2.125	10
2.25	10
2.375	10
2.5	10
2.625	10
2.75	10
2.875	10
3	10
3.125	10
3.25	10
3.375	10
3.5	10
3.625	10
3.75	10
3.875	10
4	10
4.125	10
4.25	10
4.375	10
4.5	10
4.625	10
4.75	10
4.875	10
5	10
5.125	10
5.25	10
5.375	10
5.5	10
5.625	10
5.75	10
5.875	10
6	10
6.125	10
6.25	10
6.375	10
6.5	10
6.625	10
6.75	10
6.875	10
7	10
7.125	10
7.25	10
7.375	10
7.5	10
7.625	10
7.75	10
7.875	10
8	10
8.125	10
8.25	10
8.375	10
8.5	10
8.625	10
8.75	10
8.875	10
9	10
9.125	10
9.25	10
9.375	10
9.5	10
9.625	10
9.75	10
9.875	10
10	10
10.125	10
10.25	10
10.375	10
10.5	10
10.625	10
10.75	10
10.875	10
11	10
11.125	10
11.25	10
11.375	10
11.5	10
11.625	10
11.75	10
11.875	10
12	10
profile[w0,a1,pwidth]
0	0
0.125	0
0.25	0
0.375	0
0.5	0
0.625	0
0.75	0
0.875	0
1	0
1.125	0
1.25	0
1.375	0
1.5	0
1.625	0
1.75	0
1.875	0
2	0
2.125	0
2.25	0
2.375	0
2.5	0
2.625	0
2.75	0
2.875	0
3	0
3.125	0
3.25	0
3.375	0
3.5	0
3.625	0
3.75	0
3.875	0
4	0
4.125	0
4.25	0
4.375	0
4.5	0
4.625	0
4.75	0
4.875	0
5	0
5.125	0
5.25	0
5.375	0
5.5	0
5.625	0
5.75	0
5.875	0
6	0
6.125	0
6.25	0
6.375	0
6.5	0
6.625	0
6.75	0
6.875	0
7	0
7.125	0
7.25	0
7.375	0
7.5	0
7.625	0
7.75	0
7.875	0
8	0
8.125	0
8.25	0
8.375	0
8.5	0
8.625	0
8.75	0
8.875	0
9	0
9.125	0
9.25	0
9.375	0
9.5	0
9.625	0
9.75	0
9.875	0
10	0
10.125	0
10.25	0
10.375	0
10.5	0
10.625	0
10.75	0
10.875	0
11	0
11.125	0
11.25	0
11.375	0
11.5	0
11.625	0
11.75	0
11.875	0
12	0
profile[w0,a1,pextra]
0	0
profile[w0,a2,ptype]
0	3
profile[w0,a2,ppriority]
0	10.03
0.125	10.03
0.25	10.03
0.375	10.03
0.5	10.03
0.625	10.03
0.75	10.03
0.875	10.03
1	10.03
1.125	10.03
1.25	10.03
1.375	10.03
1.5	10.03
1.625	10.03
1.75	10.03
1.875	10.03
2	10.03
2.125	10.03
2.25	10.03
2.375	10.03
2.5	10.03
2.625	10.03
2.75	10.03
2.875	10.03
3	10.03
3.125	10.03
3.25	10.03
3.375	10.03
3.5	10.03
3.625	10.03
3.75	10.03
3.875	10.03
4	10.03
4.125	10.03
4.25	10.03
4.375	10.03
4.5	10.03
4.625	10.03
4.75	10.03
4.875	10.03
5	10.03
5.125	10.03
5.25	10.03
5.375	10.03
5.5	10.03
5.625	10.03
5.75	10.03
5.875	10.03
6	10.03
6.125	10.03
6.25	10.03
6.375	10.03
6.5	10.03
6.625	10.03
6.75	10.03
6.875	10.03
7	10.03
7.125	10.03
7.25	10.03
7.375	10.03
7.5	10.03
7.625	10.03
7.75	10.03
7.875	10.03
8	10.03
8.125	10.03
8.25	10.03
8.375	10.03
8.5	10.03
8.625	10.03
8.75	10.03
8.875	10.03
9	10.03
9.125	10.03
9.25	10.03
9.375	10.03
9.5	10.03
9.625	10.03
9.75	10.03
9.875	10.03
10	10.03
10.125	10.03
10.25	10.03
10.375	10.03
10.5	10.03
10.625	10.03
10.75	10.03
10.875	10.03
11	10.03
11.125	10.03
11.25	10.03
11.375	10.03
11.5	10.03
11.625	10.03
11.75	10.03
11.875	10.03
12	10.03
profile[w0,a2,pwidth]
0	0
0.125	0
0.25	0
0.375	0
0.5	0
0.625	0
0.75	0
0.875	0
1	0
1.125	0
1.25	0
1.375	0
1.5	0
1.625	0
1.75	0
1.875	0
2	0
2.125	0
2.25	0
2.375	0
2.5	0
2.625	0
2.75	0
2.875	0
3	0
3.125	0
3.25	0
3.375	0
3.5	0
3.625	0
3.75	0
3.875	0
4	0
4.125	0
4.25	0
4.375	0
4.5	0
4.625	0
4.75	0
4.875	0
5	0
5.125	0
5.25	0
5.375	0
5.5	0
5.625	0
5.75	0
5.875	0
6	0
6.125	0
6.25	0
6.375	0
6.5	0
6.625	0
6.75	0
6.875	0
7	0
7.125	0
7.25	0
7.375	0
7.5	0
7.625	0
7.75	0
7.875	0
8	0
8.125	0
8.25	0
8.375	0
8.5	0
8.625	0
8.75	0
8.875	0
9	0
9.125	0
9.25	0
9.375	0
9.5	0
9.625	0
9.75	0
9.875	0
10	0
10.125	0
10.25	0
10.375	0
10.5	0
10.625	0
10.75	0
10.875	0
11	0
11.125	0
11.25	0
11.375	0
11.5	0
11.625	0
11.75	0
11.875	0
12	0
profile[w0,a2,pextra]
0	0
profile[w1,a1,ptype]
0	3
profile[w1,a1,ppriority]
0	10
0.125	10
0.25	10
0.375	10
0.5	10
0.625	10
0.75	10
0.875	10
1	10
1.125	10
1.25	10
1.375	10
1.5	10
1.625	10
1.75	10
1.875	10
2	10
2.125	10
2.25	10
2.375	10
2.5	10
2.625	10
2.75	10
2.875	10
3	10
3.125	10
3.25	10
3.375	10
3.5	10
3.625	10
3.75	10
3.875	10
4	10
4.125	10
4.25	10
4.375	10
4.5	10
4.625	10
4.75	10
4.875	10
5	10
5.125	10
5.25	10
5.375	10
5.5	10
5.625	10
5.75	10
5.875	10
6	10
6.125	10
6.25	10
6.375	10
6.5	10
6.625	10
6.75	10
6.875	10
7	10
7.125	10
7.25	10
7.375	10
7.5	10
7.625	10
7.75	10
7.875	10
8	10
8.125	10
8.25	10
8.375	10
8.5	10
8.625	10
8.75	10
8.875	10
9	10
9.125	10
9.25	10
9.375	10
9.5	10
9.625	10
9.75	10
9.875	10
10	10
10.125	10
10.25	10
10.375	10
10.5	10
10.625	10
10.75	10
10.875	10
11	10
11.125	10
11.25	10
11.375	10
11.5	10
11.625	10
11.75	10
11.875	10
12	10
profile[w1,a1,pwidth]
0	0.001
0.125	0.001
0.25	0.001
0.375	0.001
0.5	0.001
0.625	0.001
0.75	0.001
0.875	0.001
1	0.001
1.125	0.001
1.25	0.001
1.375	0.001
1.5	0.001
1.625	0.001
1.75	0.001
1.875	0.001
2	0.001
2.125	0.001
2.25	0.001
2.375	0.001
2.5	0.001
2.625	0.001
2.75	0.001
2.875	0.001
3	0.001
3.125	0.001
3.25	0.001
3.375	0.001
3.5	0.001
3.625	0.001
3.75	0.001
3.875	0.001
4	0.001
4.125	0.001
4.25	0.001
4.375	0.001
4.5	0.001
4.625	0.001
4.75	0.001
4.875	0.001
5	0.001
5.125	0.001
5.25	0.001
5.375	0.001
5.5	0.001
5.625	0.001
5.75	0.001
5.875	0.001
6	0.001
6.125	0.001
6.25	0.001
6.375	0.001
6.5	0.001
6.625	0.001
6.75	0.001
6.875	0.001
7	0.001
7.125	0.001
7.25	0.001
7.375	0.001
7.5	0.001
7.625	0.001
7.75	0.001
7.875	0.001
8	0.001
8.125	0.001
8.25	0.001
8.375	0.001
8.5	0.001
8.625	0.001
8.75	0.001
8.875	0.001
9	0.001
9.125	0.001
9.25	0.001
9.375	0.001
9.5	0.001
9.625	0.001
9.75	0.001
9.875	0.001
10	0.001
10.125	0.001
10.25	0.001
10.375	0.001
10.5	0.001
10.625	0.001
10.75	0.001
10.875	0.001
11	0.001
11.125	0.001
11.25	0.001
11.375	0.001
11.5	0.001
11.625	0.001
11.75	0.001
11.875	0.001
12	0.001
profile[w1,a1,pextra]
0	0
profile[w1,a2,ptype]
0	3
profile[w1,a2,ppriority]
0	10.03
0.125	10.03
0.25	10.03
0.375	10.03
0.5	10.03
0.625	10.03
0.75	10.03
0.875	10.03
1	10.03
1.125	10.03
1.25	10.03
1.375	10.03
1.5	10.03
1.625	10.03
1.75	10.03
1.875	10.03
2	10.03
2.125	10.03
2.25	10.03
2.375	10.03
2.5	10.03
2.625	10.03
2.75	10.03
2.875	10.03
3	10.03
3.125	10.03
3.25	10.03
3.375	10.03
3.5	10.03
3.625	10.03
3.75	10.03
3.875	10.03
4	10.03
4.125	10.03
4.25	10.03
4.375	10.03
4.5	10.03
4.625	10.03
4.75	10.03
4.875	10.03
5	10.03
5.125	10.03
5.25	10.03
5.375	10.03
5.5	10.03
5.625	10.03
5.75	10.03
5.875	10.03
6	10.03
6.125	10.03
6.25	10.03
6.375	10.03
6.5	10.03
6.625	10.03
6.75	10.03
6.875	10.03
7	10.03
7.125	10.03
7.25	10.03
7.375	10.03
7.5	10.03
7.625	10.03
7.75	10.03
7.875	10.03
8	10.03
8.125	10.03
8.25	10.03
8.375	10.03
8.5	10.03
8.625	10.03
8.75	10.03
8.875	10.03
9	10.03
9.125	10.03
9.25	10.03
9.375	10.03
9.5	10.03
9.625	10.03
9.75	10.03
9.875	10.03
10	10.03
10.125	10.03
10.25	10.03
10.375	10.03
10.5	10.03
10.625	10.03
10.75	10.03
10.875	10.03
11	10.03
11.125	10.03
11.25	10.03
11.375	10.03
11.5	10.03
11.625	10.03
11.75	10.03
11.875	10.03
12	10.03
profile[w1,a2,pwidth]
0	0.001
0.125	0.001
0.25	0.001
0.375	0.001
0.5	0.001
0.625	0.001
0.75	0.001
0.875	0.001
1	0.001
1.125	0.001
1.25	0.001
1.375	0.001
1.5	0.001
1.625	0.001
1.75	0.001
1.875	0.001
2	0.001
2.125	0.001
2.25	0.001
2.375	0.001
2.5	0.001
2.625	0.001
2.75	0.001
2.875	0.001
3	0.001
3.125	0.001
3.25	0.001
3.375	0.001
3.5	0.001
3.625	0.001
3.75	0.001
3.875	0.001
4	0.001
4.125	0.001
4.25	0.001
4.375	0.001
4.5	0.001
4.625	0.001
4.75	0.001
4.875	0.001
5	0.001
5.125	0.001
5.25	0.001
5.375	0.001
5.5	0.001
5.625	0.001
5.75	0.001
5.875	0.001
6	0.001
6.125	0.001
6.25	0.001
6.375	0.001
6.5	0.001
6.625	0.001
6.75	0.001
6.875	0.001
7	0.001
7.125	0.001
7.25	0.001
7.375	0.001
7.5	0.001
7.625	0.001
7.75	0.001
7.875	0.001
8	0.001
8.125	0.001
8.25	0.001
8.375	0.001
8.5	0.001
8.625	0.001
8.75	0.001
8.875	0.001
9	0.001
9.125	0.001
9.25	0.001
9.375	0.001
9.5	0.001
9.625	0.001
9.75	0.001
9.875	0.001
10	0.001
10.125	0.001
10.25	0.001
10.375	0.001
10.5	0.001
10.625	0.001
10.75	0.001
10.875	0.001
11	0.001
11.125	0.001
11.25	0.001
11.375	0.001
11.5	0.001
11.625	0.001
11.75	0.001
11.875	0.001
12	0.001
profile[w1,a2,pextra]
0	0
profile[w2,a1,ptype]
0	3
profile[w2,a1,ppriority]
0	10
0.125	10
0.25	10
0.375	10
0.5	10
0.625	10
0.75	10
0.875	10
1	10
1.125	10
1.25	10
1.375	10
1.5	10
1.625	10
1.75	10
1.875	10
2	10
2.125	10
2.25	10
2.375	10
2.5	10
2.625	10
2.75	10
2.875	10
3	10
3.125	10
3.25	10
3.375	10
3.5	10
3.625	10
3.75	10
3.875	10
4	10
4.125	10
4.25	10
4.375	10
4.5	10
4.625	10
4.75	10
4.875	10
5	10
5.125	10
5.25	10
5.375	10
5.5	10
5.625	10
5.75	10
5.875	10
6	10
6.125	10
6.25	10
6.375	10
6.5	10
6.625	10
6.75	10
6.875	10
7	10
7.125	10
7.25	10
7.375	10
7.5	10
7.625	10
7.75	10
7.875	10
8	10
8.125	10
8.25	10
8.375	10
8.5	10
8.625	10
8.75	10
8.875	10
9	10
9.125	10
9.25	10
9.375	10
9.5	10
9.625	10
9.75	10
9.875	10
10	10
10.125	10
10.25	10
10.375	10
10.5	10
10.625	10
10.75	10
10.875	10
11	10
11.125	10
11.25	10
11.375	10
11.5	10
11.625	10
11.75	10
11.875	10
12	10
profile[w2,a1,pwidth]
0	0.01
0.125	0.01
0.25	0.01
0.375	0.01
0.5	0.01
0.625	0.01
0.75	0.01
0.875	0.01
1	0.01
1.125	0.01
1.25	0.01
1.375	0.01
1.5	0.01
1.625	0.01
1.75	0.01
1.875	0.01
2	0.01
2.125	0.01
2.25	0.01
2.375	0.01
2.5	0.01
2.625	0.01
2.75	0.01
2.875	0.01
3	0.01
3.125	0.01
3.25	0.01
3.375	0.01
3.5	0.01
3.625	0.01
3.75	0.01
3.875	0.01
4	0.01
4.125	0.01
4.25	0.01
4.375	0.01
4.5	0.01
4.625	0.01
4.75	0.01
4.875	0.01
5	0.01
5.125	0.01
5.25	0.01
5.375	0.01
5.5	0.01
5.625	0.01
5.75	0.01
5.875	0.01
6	0.01
6.125	0.01
6.25	0.01
6.375	0.01
6.5	0.01
6.625	0.01
6.75	0.01
6.875	0.01
7	0.01
7.125	0.01
7.25	0.01
7.375	0.01
7.5	0.01
7.625	0.01
7.75	0.01
7.875	0.01
8	0.01
8.125	0.01
8.25	0.01
8.375	0.01
8.5	0.01
8.625	0.01
8.75	0.01
8.875	0.01
9	0.01
9.125	0.01
9.25	0.01
9.375	0.01
9.5	0.01
9.625	0.01
9.75	0.01
9.875	0.01
10	0.01
10.125	0.01
10.25	0.01
10.375	0.01
10.5	0.01
10.625	0.01
10.75	0.01
10.875	0.01
11	0.01
11.125	0.01
11.25	0.01
11.375	0.01
11.5	0.01
11.625	0.01
11.75	0.01
11.875	0.01
12	0.01
profile[w2,a1,pextra]
0	0
profile[w2,a2,ptype]
0	3
profile[w2,a2,ppriority]
0	10.03
0.125	10.03
0.25	10.03
0.375	10.03
0.5	10.03
0.625	10.03
0.75	10.03
0.875	10.03
1	10.03
1.125	10.03
1.25	10.03
1.375	10.03
1.5	10.03
1.625	10.03
1.75	10.03
1.875	10.03
2	10.03
2.125	10.03
2.25	10.03
2.375	10.03
2.5	10.03
2.625	10.03
2.75	10.03
2.875	10.03
3	10.03
3.125	10.03
3.25	10.03
3.375	10.03
3.5	10.03
3.625	10.03
3.75	10.03
3.875	10.03
4	10.03
4.125	10.03
4.25	10.03
4.375	10.03
4.5	10.03
4.625	10.03
4.75	10.03
4.875	10.03
5	10.03
5.125	10.03
5.25	10.03
5.375	10.03
5.5	10.03
5.625	10.03
5.75	10.03
5.875	10.03
6	10.03
6.125	10.03
6.25	10.03
6.375	10.03
6.5	10.03
6.625	10.03
6.75	10.03
6.875	10.03
7	10.03
7.125	10.03
7.25	10.03
7.375	10.03
7.5	10.03
7.625	10.03
7.75	10.03
7.875	10.03
8	10.03
8.125	10.03
8.25	10.03
8.375	10.03
8.5	10.03
8.625	10.03
8.75	10.03
8.875	10.03
9	10.03
9.125	10.03
9.25	10.03
9.375	10.03
9.5	10.03
9.625	10.03
9.75	10.03
9.875	10.03
10	10.03
10.125	10.03
10.25	10.03
10.375	10.03
10.5	10.03
10.625	10.03
10.75	10.03
10.875	10.03
11	10.03
11.125	10.03
11.25	10.03
11.375	10.03
11.5	10.03
11.625	10.03
11.75	10.03
11.875	10.03
12	10.03
profile[w2,a2,pwidth]
0	0.01
0.125	0.01
0.25	0.01
0.375	0.01
0.5	0.01
0.625	0.01
0.75	0.01
0.875	0.01
1	0.01
1.125	0.01
1.25	0.01
1.375	0.01
1.5	0.01
1.625	0.01
1.75	0.01
1.875	0.01
2	0.01
2.125	0.01
2.25	0.01
2.375	0.01
2.5	0.01
2.625	0.01
2.75	0.01
2.875	0.01
3	0.01
3.125	0.01
3.25	0.01
3.375	0.01
3.5	0.01
3.625	0.01
3.75	0.01
3.875	0.01
4	0.01
4.125	0.01
4.25	0.01
4.375	0.01
4.5	0.01
4.625	0.01
4.75	0.01
4.875	0.01
5	0.01
5.125	0.01
5.25	0.01
5.375	0.01
5.5	0.01
5.625	0.01
5.75	0.01
5.875	0.01
6	0.01
6.125	0.01
6.25	0.01
6.375	0.01
6.5	0.01
6.625	0.01
6.75	0.01
6.875	0.01
7	0.01
7.125	0.01
7.25	0.01
7.375	0.01
7.5	0.01
7.625	0.01
7.75	0.01
7.875	0.01
8	0.01
8.125	0.01
8.25	0.01
8.375	0.01
8.5	0.01
8.625	0.01
8.75	0.01
8.875	0.01
9	0.01
9.125	0.01
9.25	0.01
9.375	0.01
9.5	0.01
9.625	0.01
9.75	0.01
9.875	0.01
10	0.01
10.125	0.01
10.25	0.01
10.375	0.01
10.5	0.01
10.625	0.01
10.75	0.01
10.875	0.01
11	0.01
11.125	0.01
11.25	0.01
11.375	0.01
11.5	0.01
11.625	0.01
11.75	0.01
11.875	0.01
12	0.01
profile[w2,a2,pextra]
0	0
profile[w3,a1,ptype]
0	3
profile[w3,a1,ppriority]
0	10
0.125	10
0.25	10
0.375	10
0.5	10
0.625	10
0.75	10
0.875	10
1	10
1.125	10
1.25	10
1.375	10
1.5	10
1.625	10
1.75	10
1.875	10
2	10
2.125	10
2.25	10
2.375	10
2.5	10
2.625	10
2.75	10
2.875	10
3	10
3.125	10
3.25	10
3.375	10
3.5	10
3.625	10
3.75	10
3.875	10
4	10
4.125	10
4.25	10
4.375	10
4.5	10
4.625	10
4.75	10
4.875	10
5	10
5.125	10
5.25	10
5.375	10
5.5	10
5.625	10
5.75	10
5.875	10
6	10
6.125	10
6.25	10
6.375	10
6.5	10
6.625	10
6.75	10
6.875	10
7	10
7.125	10
7.25	10
7.375	10
7.5	10
7.625	10
7.75	10
7.875	10
8	10
8.125	10
8.25	10
8.375	10
8.5	10
8.625	10
8.75	10
8.875	10
9	10
9.125	10
9.25	10
9.375	10
9.5	10
9.625	10
9.75	10
9.875	10
10	10
10.125	10
10.25	10
10.375	10
10.5	10
10.625	10
10.75	10
10.875	10
11	10
11.125	10
11.25	10
11.375	10
11.5	10
11.625	10
11.75	10
11.875	10
12	10
profile[w3,a1,pwidth]
0	0.03
0.125	0.03
0.25	0.03
0.375	0.03
0.5	0.03
0.625	0.03
0.75	0.03
0.875	0.03
1	0.03
1.125	0.03
1.25	0.03
1.375	0.03
1.5	0.03
1.625	0.03
1.75	0.03
1.875	0.03
2	0.03
2.125	0.03
2.25	0.03
2.375	0.03
2.5	0.03
2.625	0.03
2.75	0.03
2.875	0.03
3	0.03
3.125	0.03
3.25	0.03
3.375	0.03
3.5	0.03
3.625	0.03
3.75	0.03
3.875	0.03
4	0.03
4.125	0.03
4.25	0.03
4.375	0.03
4.5	0.03
4.625	0.03
4.75	0.03
4.875	0.03
5	0.03
5.125	0.03
5.25	0.03
5.375	0.03
5.5	0.03
5.625	0.03
5.75	0.03
5.875	0.03
6	0.03
6.125	0.03
6.25	0.03
6.375	0.03
6.5	0.03
6.625	0.03
6.75	0.03
6.875	0.03
7	0.03
7.125	0.03
7.25	0.03
7.375	0.03
7.5	0.03
7.625	0.03
7.75	0.03
7.875	0.03
8	0.03
8.125	0.03
8.25	0.03
8.375	0.03
8.5	0.03
8.625	0.03
8.75	0.03
8.875	0.03
9	0.03
9.125	0.03
9.25	0.03
9.375	0.03
9.5	0.03
9.625	0.03
9.75	0.03
9.875	0.03
10	0.03
10.125	0.03
10.25	0.03
10.375	0.03
10.5	0.03
10.625	0.03
10.75	0.03
10.875	0.03
11	0.03
11.125	0.03
11.25	0.03
11.375	0.03
11.5	0.03
11.625	0.03
11.75	0.03
11.875	0.03
12	0.03
profile[w3,a1,pextra]
0	0
profile[w3,a2,ptype]
0	3
profile[w3,a2,ppriority]
0	10.03
0.125	10.03
0.25	10.03
0.375	10.03
0.5	10.03
0.625	10.03
0.75	10.03
0.875	10.03
1	10.03
1.125	10.03
1.25	10.03
1.375	10.03
1.5	10.03
1.625	10.03
1.75	10.03
1.875	10.03
2	10.03
2.125	10.03
2.25	10.03
2.375	10.03
2.5	10.03
2.625	10.03
2.75	10.03
2.875	10.03
3	10.03
3.125	10.03
3.25	10.03
3.375	10.03
3.5	10.03
3.625	10.03
3.75	10.03
3.875	10.03
4	10.03
4.125	10.03
4.25	10.03
4.375	10.03
4.5	10.03
4.625	10.03
4.75	10.03
4.875	10.03
5	10.03
5.125	10.03
5.25	10.03
5.375	10.03
5.5	10.03
5.625	10.03
5.75	10.03
5.875	10.03
6	10.03
6.125	10.03
6.25	10.03
6.375	10.03
6.5	10.03
6.625	10.03
6.75	10.03
6.875	10.03
7	10.03
7.125	10.03
7.25	10.03
7.375	10.03
7.5	10.03
7.625	10.03
7.75	10.03
7.875	10.03
8	10.03
8.125	10.03
8.25	10.03
8.375	10.03
8.5	10.03
8.625	10.03
8.75	10.03
8.875	10.03
9	10.03
9.125	10.03
9.25	10.03
9.375	10.03
9.5	10.03
9.625	10.03
9.75	10.03
9.875	10.03
10	10.03
10.125	10.03
10.25	10.03
10.375	10.03
10.5	10.03
10.625	10.03
10.75	10.03
10.875	10.03
11	10.03
11.125	10.03
11.25	10.03
11.375	10.03
11.5	10.03
11.625	10.03
11.75	10.03
11.875	10.03
12	10.03
profile[w3,a2,pwidth]
0	0.03
0.125	0.03
0.25	0.03
0.375	0.03
0.5	0.03
0.625	0.03
0.75	0.03
0.875	0.03
1	0.03
1.125	0.03
1.25	0.03
1.375	0.03
1.5	0.03
1.625	0.03
1.75	0.03
1.875	0.03
2	0.03
2.125	0.03
2.25	0.03
2.375	0.03
2.5	0.03
2.625	0.03
2.75	0.03
2.875	0.03
3	0.03
3.125	0.03
3.25	0.03
3.375	0.03
3.5	0.03
3.625	0.03
3.75	0.03
3.875	0.03
4	0.03
4.125	0.03
4.25	0.03
4.375	0.03
4.5	0.03
4.625	0.03
4.75	0.03
4.875	0.03
5	0.03
5.125	0.03
5.25	0.03
5.375	0.03
5.5	0.03
5.625	0.03
5.75	0.03
5.875	0.03
6	0.03
6.125	0.03
6.25	0.03
6.375	0.03
6.5	0.03
6.625	0.03
6.75	0.03
6.875	0.03
7	0.03
7.125	0.03
7.25	0.03
7.375	0.03
7.5	0.03
7.625	0.03
7.75	0.03
7.875	0.03
8	0.03
8.125	0.03
8.25	0.03
8.375	0.03
8.5	0.03
8.625	0.03
8.75	0.03
8.875	0.03
9	0.03
9.125	0.03
9.25	0.03
9.375	0.03
9.5	0.03
9.625	0.03
9.75	0.03
9.875	0.03
10	0.03
10.125	0.03
10.25	0.03
10.375	0.03
10.5	0.03
10.625	0.03
10.75	0.03
10.875	0.03
11	0.03
11.125	0.03
11.25	0.03
11.375	0.03
11.5	0.03
11.625	0.03
11.75	0.03
11.875	0.03
12	0.03
profile[w3,a2,pextra]
0	0
profile[w4,a1,ptype]
0	3
profile[w4,a1,ppriority]
0	10
0.125	10
0.25	10
0.375	10
0.5	10
0.625	10
0.75	10
0.875	10
1	10
1.125	10
1.25	10
1.375	10
1.5	10
1.625	10
1.75	10
1.875	10
2	10
2.125	10
2.25	10
2.375	10
2.5	10
2.625	10
2.75	10
2.875	10
3	10
3.125	10
3.25	10
3.375	10
3.5	10
3.625	10
3.75	10
3.875	10
4	10
4.125	10
4.25	10
4.375	10
4.5	10
4.625	10
4.75	10
4.875	10
5	10
5.125	10
5.25	10
5.375	10
5.5	10
5.625	10
5.75	10
5.875	10
6	10
6.125	10
6.25	10
6.375	10
6.5	10
6.625	10
6.75	10
6.875	10
7	10
7.125	10
7.25	10
7.375	10
7.5	10
7.625	10
7.75	10
7.875	10
8	10
8.125	10
8.25	10
8.375	10
8.5	10
8.625	10
8.75	10
8.875	10
9	10
9.125	10
9.25	10
9.375	10
9.5	10
9.625	10
9.75	10
9.875	10
10	10
10.125	10
10.25	10
10.375	10
10.5	10
10.625	10
10.75	10
10.875	10
11	10
11.125	10
11.25	10
11.375	10
11.5	10
11.625	10
11.75	10
11.875	10
12	10
profile[w4,a1,pwidth]
0	0.05
0.125	0.05
0.25	0.05
0.375	0.05
0.5	0.05
0.625	0.05
0.75	0.05
0.875	0.05
1	0.05
1.125	0.05
1.25	0.05
1.375	0.05
1.5	0.05
1.625	0.05
1.75	0.05
1.875	0.05
2	0.05
2.125	0.05
2.25	0.05
2.375	0.05
2.5	0.05
2.625	0.05
2.75	0.05
2.875	0.05
3	0.05
3.125	0.05
3.25	0.05
3.375	0.05
3.5	0.05
3.625	0.05
3.75	0.05
3.875	0.05
4	0.05
4.125	0.05
4.25	0.05
4.375	0.05
4.5	0.05
4.625	0.05
4.75	0.05
4.875	0.05
5	0.05
5.125	0.05
5.25	0.05
5.375	0.05
5.5	0.05
5.625	0.05
5.75	0.05
5.875	0.05
6	0.05
6.125	0.05
6.25	0.05
6.375	0.05
6.5	0.05
6.625	0.05
6.75	0.05
6.875	0.05
7	0.05
7.125	0.05
7.25	0.05
7.375	0.05
7.5	0.05
7.625	0.05
7.75	0.05
7.875	0.05
8	0.05
8.125	0.05
8.25	0.05
8.375	0.05
8.5	0.05
8.625	0.05
8.75	0.05
8.875	0.05
9	0.05
9.125	0.05
9.25	0.05
9.375	0.05
9.5	0.05
9.625	0.05
9.75	0.05
9.875	0.05
10	0.05
10.125	0.05
10.25	0.05
10.375	0.05
10.5	0.05
10.625	0.05
10.75	0.05
10.875	0.05
11	0.05
11.125	0.05
11.25	0.05
11.375	0.05
11.5	0.05
11.625	0.05
11.75	0.05
11.875	0.05
12	0.05
profile[w4,a1,pextra]
0	0
profile[w4,a2,ptype]
0	3
profile[w4,a2,ppriority]
0	10.03
0.125	10.03
0.25	10.03
0.375	10.03
0.5	10.03
0.625	10.03
0.75	10.03
0.875	10.03
1	10.03
1.125	10.03
1.25	10.03
1.375	10.03
1.5	10.03
1.625	10.03
1.75	10.03
1.875	10.03
2	10.03
2.125	10.03
2.25	10.03
2.375	10.03
2.5	10.03
2.625	10.03
2.75	10.03
2.875	10.03
3	10.03
3.125	10.03
3.25	10.03
3.375	10.03
3.5	10.03
3.625	10.03
3.75	10.03
3.875	10.03
4	10.03
4.125	10.03
4.25	10.03
4.375	10.03
4.5	10.03
4.625	10.03
4.75	10.03
4.875	10.03
5	10.03
5.125	10.03
5.25	10.03
5.375	10.03
5.5	10.03
5.625	10.03
5.75	10.03
5.875	10.03
6	10.03
6.125	10.03
6.25	10.03
6.375	10.03
6.5	10.03
6.625	10.03
6.75	10.03
6.875	10.03
7	10.03
7.125	10.03
7.25	10.03
7.375	10.03
7.5	10.03
7.625	10.03
7.75	10.03
7.875	10.03
8	10.03
8.125	10.03
8.25	10.03
8.375	10.03
8.5	10.03
8.625	10.03
8.75	10.03
8.875	10.03
9	10.03
9.125	10.03
9.25	10.03
9.375	10.03
9.5	10.03
9.625	10.03
9.75	10.03
9.875	10.03
10	10.03
10.125	10.03
10.25	10.03
10.375	10.03
10.5	10.03
10.625	10.03
10.75	10.03
10.875	10.03
11	10.03
11.125	10.03
11.25	10.03
11.375	10.03
11.5	10.03
11.625	10.03
11.75	10.03
11.875	10.03
12	10.03
profile[w4,a2,pwidth]
0	0.05
0.125	0.05
0.25	0.05
0.375	0.05
0.5	0.05
0.625	0.05
0.75	0.05
0.875	0.05
1	0.05
1.125	0.05
1.25	0.05
1.375	0.05
1.5	0.05
1.625	0.05
1.75	0.05
1.875	0.05
2	0.05
2.125	0.05
2.25	0.05
2.375	0.05
2.5	0.05
2.625	0.05
2.75	0.05
2.875	0.05
3	0.05
3.125	0.05
3.25	0.05
3.375	0.05
3.5	0.05
3.625	0.05
3.75	0.05
3.875	0.05
4	0.05
4.125	0.05
4.25	0.05
4.375	0.05
4.5	0.05
4.625	0.05
4.75	0.05
4.875	0.05
5	0.05
5.125	0.05
5.25	0.05
5.375	0.05
5.5	0.05
5.625	0.05
5.75	0.05
5.875	0.05
6	0.05
6.125	0.05
6.25	0.05
6.375	0.05
6.5	0.05
6.625	0.05
6.75	0.05
6.875	0.05
7	0.05
7.125	0.05
7.25	0.05
7.375	0.05
7.5	0.05
7.625	0.05
7.75	0.05
7.875	0.05
8	0.05
8.125	0.05
8.25	0.05
8.375	0.05
8.5	0.05
8.625	0.05
8.75	0.05
8.875	0.05
9	0.05
9.125	0.05
9.25	0.05
9.375	0.05
9.5	0.05
9.625	0.05
9.75	0.05
9.875	0.05
10	0.05
10.125	0.05
10.25	0.05
10.375	0.05
10.5	0.05
10.625	0.05
10.75	0.05
10.875	0.05
11	0.05
11.125	0.05
11.25	0.05
11.375	0.05
11.5	0.05
11.625	0.05
11.75	0.05
11.875	0.05
12	0.05
profile[w4,a2,pextra]
0	0
profile[w5,a1,ptype]
0	3
profile[w5,a1,ppriority]
0	10
0.125	10
0.25	10
0.375	10
0.5	10
0.625	10
0.75	10
0.875	10
1	10
1.125	10
1.25	10
1.375	10
1.5	10
1.625	10
1.75	10
1.875	10
2	10
2.125	10
2.25	10
2.375	10
2.5	10
2.625	10
2.75	10
2.875	10
3	10
3.125	10
3.25	10
3.375	10
3.5	10
3.625	10
3.75	10
3.875	10
4	10
4.125	10
4.25	10
4.375	10
4.5	10
4.625	10
4.75	10
4.875	10
5	10
5.125	10
5.25	10
5.375	10
5.5	10
5.625	10
5.75	10
5.875	10
6	10
6.125	10
6.25	10
6.375	10
6.5	10
6.625	10
6.75	10
6.875	10
7	10
7.125	10
7.25	10
7.375	10
7.5	10
7.625	10
7.75	10
7.875	10
8	10
8.125	10
8.25	10
8.375	10
8.5	10
8.625	10
8.75	10
8.875	10
9	10
9.125	10
9.25	10
9.375	10
9.5	10
9.625	10
9.75	10
9.875	10
10	10
10.125	10
10.25	10
10.375	10
10.5	10
10.625	10
10.75	10
10.875	10
11	10
11.125	10
11.25	10
11.375	10
11.5	10
11.625	10
11.75	10
11.875	10
12	10
profile[w5,a1,pwidth]
0	0.06
0.125	0.06
0.25	0.06
0.375	0.06
0.5	0.06
0.625	0.06
0.75	0.06
0.875	0.06
1	0.06
1.125	0.06
1.25	0.06
1.375	0.06
1.5	0.06
1.625	0.06
1.75	0.06
1.875	0.06
2	0.06
2.125	0.06
2.25	0.06
2.375	0.06
2.5	0.06
2.625	0.06
2.75	0.06
2.875	0.06
3	0.06
3.125	0.06
3.25	0.06
3.375	0.06
3.5	0.06
3.625	0.06
3.75	0.06
3.875	0.06
4	0.06
4.125	0.06
4.25	0.06
4.375	0.06
4.5	0.06
4.625	0.06
4.75	0.06
4.875	0.06
5	0.06
5.125	0.06
5.25	0.06
5.375	0.06
5.5	0.06
5.625	0.06
5.75	0.06
5.875	0.06
6	0.06
6.125	0.06
6.25	0.06
6.375	0.06
6.5	0.06
6.625	0.06
6.75	0.06
6.875	0.06
7	0.06
7.125	0.06
7.25	0.06
7.375	0.06
7.5	0.06
7.625	0.06
7.75	0.06
7.875	0.06
8	0.06
8.125	0.06
8.25	0.06
8.375	0.06
8.5	0.06
8.625	0.06
8.75	0.06
8.875	0.06
9	0.06
9.125	0.06
9.25	0.06
9.375	0.06
9.5	0.06
9.625	0.06
9.75	0.06
9.875	0.06
10	0.06
10.125	0.06
10.25	0.06
10.375	0.06
10.5	0.06
10.625	0.06
10.75	0.06
10.875	0.06
11	0.06
11.125	0.06
11.25	0.06
11.375	0.06
11.5	0.06
11.625	0.06
11.75	0.06
11.875	0.06
12	0.06
profile[w5,a1,pextra]
0	0
profile[w5,a2,ptype]
0	3
profile[w5,a2,ppriority]
0	10.03
0.125	10.03
0.25	10.03
0.375	10.03
0.5	10.03
0.625	10.03
0.75	10.03
0.875	10.03
1	10.03
1.125	10.03
1.25	10.03
1.375	10.03
1.5	10.03
1.625	10.03
1.75	10.03
1.875	10.03
2	10.03
2.125	10.03
2.25	10.03
2.375	10.03
2.5	10.03
2.625	10.03
2.75	10.03
2.875	10.03
3	10.03
3.125	10.03
3.25	10.03
3.375	10.03
3.5	10.03
3.625	10.03
3.75	10.03
3.875	10.03
4	10.03
4.125	10.03
4.25	10.03
4.375	10.03
4.5	10.03
4.625	10.03
4.75	10.03
4.875	10.03
5	10.03
5.125	10.03
5.25	10.03
5.375	10.03
5.5	10.03
5.625	10.03
5.75	10.03
5.875	10.03
6	10.03
6.125	10.03
6.25	10.03
6.375	10.03
6.5	10.03
6.625	10.03
6.75	10.03
6.875	10.03
7	10.03
7.125	10.03
7.25	10.03
7.375	10.03
7.5	10.03
7.625	10.03
7.75	10.03
7.875	10.03
8	10.03
8.125	10.03
8.25	10.03
8.375	10.03
8.5	10.03
8.625	10.03
8.75	10.03
8.875	10.03
9	10.03
9.125	10.03
9.25	10.03
9.375	10.03
9.5	10.03
9.625	10.03
9.75	10.03
9.875	10.03
10	10.03
10.125	10.03
10.25	10.03
10.375	10.03
10.5	10.03
10.625	10.03
10.75	10.03
10.875	10.03
11	10.03
11.125	10.03
11.25	10.03
11.375	10.03
11.5	10.03
11.625	10.03
11.75	10.03
11.875	10.03
12	10.03
profile[w5,a2,pwidth]
0	0.06
0.125	0.06
0.25	0.06
0.375	0.06
0.5	0.06
0.625	0.06
0.75	0.06
0.875	0.06
1	0.06
1.125	0.06
1.25	0.06
1.375	0.06
1.5	0.06
1.625	0.06
1.75	0.06
1.875	0.06
2	0.06
2.125	0.06
2.25	0.06
2.375	0.06
2.5	0.06
2.625	0.06
2.75	0.06
2.875	0.06
3	0.06
3.125	0.06
3.25	0.06
3.375	0.06
3.5	0.06
3.625	0.06
3.75	0.06
3.875	0.06
4	0.06
4.125	0.06
4.25	0.06
4.375	0.06
4.5	0.06
4.625	0.06
4.75	0.06
4.875	0.06
5	0.06
5.125	0.06
5.25	0.06
5.375	0.06
5.5	0.06
5.625	0.06
5.75	0.06
5.875	0.06
6	0.06
6.125	0.06
6.25	0.06
6.375	0.06
6.5	0.06
6.625	0.06
6.75	0.06
6.875	0.06
7	0.06
7.125	0.06
7.25	0.06
7.375	0.06
7.5	0.06
7.625	0.06
7.75	0.06
7.875	0.06
8	0.06
8.125	0.06
8.25	0.06
8.375	0.06
8.5	0.06
8.625	0.06
8.75	0.06
8.875	0.06
9	0.06
9.125	0.06
9.25	0.06
9.375	0.06
9.5	0.06
9.625	0.06
9.75	0.06
9.875	0.06
10	0.06
10.125	0.06
10.25	0.06
10.375	0.06
10.5	0.06
10.625	0.06
10.75	0.06
10.875	0.06
11	0.06
11.125	0.06
11.25	0.06
11.375	0.06
11.5	0.06
11.625	0.06
11.75	0.06
11.875	0.06
12	0.06
profile[w5,a2,pextra]
0	0
profile[w6,a1,ptype]
0	3
profile[w6,a1,ppriority]
0	10
0.125	10
0.25	10
0.375	10
0.5	10
0.625	10
0.75	10
0.875	10
1	10
1.125	10
1.25	10
1.375	10
1.5	10
1.625	10
1.75	10
1.875	10
2	10
2.125	10
2.25	10
2.375	10
2.5	10
2.625	10
2.75	10
2.875	10
3	10
3.125	10
3.25	10
3.375	10
3.5	10
3.625	10
3.75	10
3.875	10
4	10
4.125	10
4.25	10
4.375	10
4.5	10
4.625	10
4.75	10
4.875	10
5	10
5.125	10
5.25	10
5.375	10
5.5	10
5.625	10
5.75	10
5.875	10
6	10
6.125	10
6.25	10
6.375	10
6.5	10
6.625	10
6.75	10
6.875	10
7	10
7.125	10
7.25	10
7.375	10
7.5	10
7.625	10
7.75	10
7.875	10
8	10
8.125	10
8.25	10
8.375	10
8.5	10
8.625	10
8.75	10
8.875	10
9	10
9.125	10
9.25	10
9.375	10
9.5	10
9.625	10
9.75	10
9.875	10
10	10
10.125	10
10.25	10
10.375	10
10.5	10
10.625	10
10.75	10
10.875	10
11	10
11.125	10
11.25	10
11.375	10
11.5	10
11.625	10
11.75	10
11.875	10
12	10
profile[w6,a1,pwidth]
0	0.1
0.125	0.1
0.25	0.1
0.375	0.1
0.5	0.1
0.625	0.1
0.75	0.1
0.875	0.1
1	0.1
1.125	0.1
1.25	0.1
1.375	0.1
1.5	0.1
1.625	0.1
1.75	0.1
1.875	0.1
2	0.1
2.125	0.1
2.25	0.1
2.375	0.1
2.5	0.1
2.625	0.1
2.75	0.1
2.875	0.1
3	0.1
3.125	0.1
3.25	0.1
3.375	0.1
3.5	0.1
3.625	0.1
3.75	0.1
3.875	0.1
4	0.1
4.125	0.1
4.25	0.1
4.375	0.1
4.5	0.1
4.625	0.1
4.75	0.1
4.875	0.1
5	0.1
5.125	0.1
5.25	0.1
5.375	0.1
5.5	0.1
5.625	0.1
5.75	0.1
5.875	0.1
6	0.1
6.125	0.1
6.25	0.1
6.375	0.1
6.5	0.1
6.625	0.1
6.75	0.1
6.875	0.1
7	0.1
7.125	0.1
7.25	0.1
7.375	0.1
7.5	0.1
7.625	0.1
7.75	0.1
7.875	0.1
8	0.1
8.125	0.1
8.25	0.1
8.375	0.1
8.5	0.1
8.625	0.1
8.75	0.1
8.875	0.1
9	0.1
9.125	0.1
9.25	0.1
9.375	0.1
9.5	0.1
9.625	0.1
9.75	0.1
9.875	0.1
10	0.1
10.125	0.1
10.25	0.1
10.375	0.1
10.5	0.1
10.625	0.1
10.75	0.1
10.875	0.1
11	0.1
11.125	0.1
11.25	0.1
11.375	0.1
11.5	0.1
11.625	0.1
11.75	0.1
11.875	0.1
12	0.1
profile[w6,a1,pextra]
0	0
profile[w6,a2,ptype]
0	3
profile[w6,a2,ppriority]
0	10.03
0.125	10.03
0.25	10.03
0.375	10.03
0.5	10.03
0.625	10.03
0.75	10.03
0.875	10.03
1	10.03
1.125	10.03
1.25	10.03
1.375	10.03
1.5	10.03
1.625	10.03
1.75	10.03
1.875	10.03
2	10.03
2.125	10.03
2.25	10.03
2.375	10.03
2.5	10.03
2.625	10.03
2.75	10.03
2.875	10.03
3	10.03
3.125	10.03
3.25	10.03
3.375	10.03
3.5	10.03
3.625	10.03
3.75	10.03
3.875	10.03
4	10.03
4.125	10.03
4.25	10.03
4.375	10.03
4.5	10.03
4.625	10.03
4.75	10.03
4.875	10.03
5	10.03
5.125	10.03
5.25	10.03
5.375	10.03
5.5	10.03
5.625	10.03
5.75	10.03
5.875	10.03
6	10.03
6.125	10.03
6.25	10.03
6.375	10.03
6.5	10.03
6.625	10.03
6.75	10.03
6.875	10.03
7	10.03
7.125	10.03
7.25	10.03
7.375	10.03
7.5	10.03
7.625	10.03
7.75	10.03
7.875	10.03
8	10.03
8.125	10.03
8.25	10.03
8.375	10.03
8.5	10.03
8.625	10.03
8.75	10.03
8.875	10.03
9	10.03
9.125	10.03
9.25	10.03
9.375	10.03
9.5	10.03
9.625	10.03
9.75	10.03
9.875	10.03
10	10.03
10.125	10.03
10.25	10.03
10.375	10.03
10.5	10.03
10.625	10.03
10.75	10.03
10.875	10.03
11	10.03
11.125	10.03
11.25	10.03
11.375	10.03
11.5	10.03
11.625	10.03
11.75	10.03
11.875	10.03
12	10.03
profile[w6,a2,pwidth]
0	0.1
0.125	0.1
0.25	0.1
0.375	0.1
0.5	0.1
0.625	0.1
0.75	0.1
0.875	0.1
1	0.1
1.125	0.1
1.25	0.1
1.375	0.1
1.5	0.1
1.625	0.1
1.75	0.1
1.875	0.1
2	0.1
2.125	0.1
2.25	0.1
2.375	0.1
2.5	0.1
2.625	0.1
2.75	0.1
2.875	0.1
3	0.1
3.125	0.1
3.25	0.1
3.375	0.1
3.5	0.1
3.625	0.1
3.75	0.1
3.875	0.1
4	0.1
4.125	0.1
4.25	0.1
4.375	0.1
4.5	0.1
4.625	0.1
4.75	0.1
4.875	0.1
5	0.1
5.125	0.1
5.25	0.1
5.375	0.1
5.5	0.1
5.625	0.1
5.75	0.1
5.875	0.1
6	0.1
6.125	0.1
6.25	0.1
6.375	0.1
6.5	0.1
6.625	0.1
6.75	0.1
6.875	0.1
7	0.1
7.125	0.1
7.25	0.1
7.375	0.1
7.5	0.1
7.625	0.1
7.75	0.1
7.875	0.1
8	0.1
8.125	0.1
8.25	0.1
8.375	0.1
8.5	0.1
8.625	0.1
8.75	0.1
8.875	0.1
9	0.1
9.125	0.1
9.25	0.1
9.375	0.1
9.5	0.1
9.625	0.1
9.75	0.1
9.875	0.1
10	0.1
10.125	0.1
10.25	0.1
10.375	0.1
10.5	0.1
10.625	0.1
10.75	0.1
10.875	0.1
11	0.1
11.125	0.1
11.25	0.1
11.375	0.1
11.5	0.1
11.625	0.1
11.75	0.1
11.875	0.1
12	0.1
profile[w6,a2,pextra]
0	0
profile[w7,a1,ptype]
0	3
profile[w7,a1,ppriority]
0	10
0.125	10
0.25	10
0.375	10
0.5	10
0.625	10
0.75	10
0.875	10
1	10
1.125	10
1.25	10
1.375	10
1.5	10
1.625	10
1.75	10
1.875	10
2	10
2.125	10
2.25	10
2.375	10
2.5	10
2.625	10
2.75	10
2.875	10
3	10
3.125	10
3.25	10
3.375	10
3.5	10
3.625	10
3.75	10
3.875	10
4	10
4.125	10
4.25	10
4.375	10
4.5	10
4.625	10
4.75	10
4.875	10
5	10
5.125	10
5.25	10
5.375	10
5.5	10
5.625	10
5.75	10
5.875	10
6	10
6.125	10
6.25	10
6.375	10
6.5	10
6.625	10
6.75	10
6.875	10
7	10
7.125	10
7.25	10
7.375	10
7.5	10
7.625	10
7.75	10
7.875	10
8	10
8.125	10
8.25	10
8.375	10
8.5	10
8.625	10
8.75	10
8.875	10
9	10
9.125	10
9.25	10
9.375	10
9.5	10
9.625	10
9.75	10
9.875	10
10	10
10.125	10
10.25	10
10.375	10
10.5	10
10.625	10
10.75	10
10.875	10
11	10
11.125	10
11.25	10
11.375	10
11.5	10
11.625	10
11.75	10
11.875	10
12	10
profile[w7,a1,pwidth]
0	1
0.125	1
0.25	1
0.375	1
0.5	1
0.625	1
0.75	1
0.875	1
1	1
1.125	1
1.25	1
1.375	1
1.5	1
1.625	1
1.75	1
1.875	1
2	1
2.125	1
2.25	1
2.375	1
2.5	1
2.625	1
2.75	1
2.875	1
3	1
3.125	1
3.25	1
3.375	1
3.5	1
3.625	1
3.75	1
3.875	1
4	1
4.125	1
4.25	1
4.375	1
4.5	1
4.625	1
4.75	1
4.875	1
5	1
5.125	1
5.25	1
5.375	1
5.5	1
5.625	1
5.75	1
5.875	1
6	1
6.125	1
6.25	1
6.375	1
6.5	1
6.625	1
6.75	1
6.875	1
7	1
7.125	1
7.25	1
7.375	1
7.5	1
7.625	1
7.75	1
7.875	1
8	1
8.125	1
8.25	1
8.375	1
8.5	1
8.625	1
8.75	1
8.875	1
9	1
9.125	1
9.25	1
9.375	1
9.5	1
9.625	1
9.75	1
9.875	1
10	1
10.125	1
10.25	1
10.375	1
10.5	1
10.625	1
10.75	1
10.875	1
11	1
11.125	1
11.25	1
11.375	1
11.5	1
11.625	1
11.75	1
11.875	1
12	1
profile[w7,a1,pextra]
0	0
profile[w7,a2,ptype]
0	3
profile[w7,a2,ppriority]
0	10.03
0.125	10.03
0.25	10.03
0.375	10.03
0.5	10.03
0.625	10.03
0.75	10.03
0.875	10.03
1	10.03
1.125	10.03
1.25	10.03
1.375	10.03
1.5	10.03
1.625	10.03
1.75	10.03
1.875	10.03
2	10.03
2.125	10.03
2.25	10.03
2.375	10.03
2.5	10.03
2.625	10.03
2.75	10.03
2.875	10.03
3	10.03
3.125	10.03
3.25	10.03
3.375	10.03
3.5	10.03
3.625	10.03
3.75	10.03
3.875	10.03
4	10.03
4.125	10.03
4.25	10.03
4.375	10.03
4.5	10.03
4.625	10.03
4.75	10.03
4.875	10.03
5	10.03
5.125	10.03
5.25	10.03
5.375	10.03
5.5	10.03
5.625	10.03
5.75	10.03
5.875	10.03
6	10.03
6.125	10.03
6.25	10.03
6.375	10.03
6.5	10.03
6.625	10.03
6.75	10.03
6.875	10.03
7	10.03
7.125	10.03
7.25	10.03
7.375	10.03
7.5	10.03
7.625	10.03
7.75	10.03
7.875	10.03
8	10.03
8.125	10.03
8.25	10.03
8.375	10.03
8.5	10.03
8.625	10.03
8.75	10.03
8.875	10.03
9	10.03
9.125	10.03
9.25	10.03
9.375	10.03
9.5	10.03
9.625	10.03
9.75	10.03
9.875	10.03
10	10.03
10.125	10.03
10.25	10.03
10.375	10.03
10.5	10.03
10.625	10.03
10.75	10.03
10.875	10.03
11	10.03
11.125	10.03
11.25	10.03
11.375	10.03
11.5	10.03
11.625	10.03
11.75	10.03
11.875	10.03
12	10.03
profile[w7,a2,pwidth]
0	1
0.125	1
0.25	1
0.375	1
0.5	1
0.625	1
0.75	1
0.875	1
1	1
1.125	1
1.25	1
1.375	1
1.5	1
1.625	1
1.75	1
1.875	1
2	1
2.125	1
2.25	1
2.375	1
2.5	1
2.625	1
2.75	1
2.875	1
3	1
3.125	1
3.25	1
3.375	1
3.5	1
3.625	1
3.75	1
3.875	1
4	1
4.125	1
4.25	1
4.375	1
4.5	1
4.625	1
4.75	1
4.875	1
5	1
5.125	1
5.25	1
5.375	1
5.5	1
5.625	1
5.75	1
5.875	1
6	1
6.125	1
6.25	1
6.375	1
6.5	1
6.625	1
6.75	1
6.875	1
7	1
7.125	1
7.25	1
7.375	1
7.5	1
7.625	1
7.75	1
7.875	1
8	1
8.125	1
8.25	1
8.375	1
8.5	1
8.625	1
8.75	1
8.875	1
9	1
9.125	1
9.25	1
9.375	1
9.5	1
9.625	1
9.75	1
9.875	1
10	1
10.125	1
10.25	1
10.375	1
10.5	1
10.625	1
10.75	1
10.875	1
11	1
11.125	1
11.25	1
11.375	1
11.5	1
11.625	1
11.75	1
11.875	1
12	1
profile[w7,a2,pextra]
0	0
quantity[w0,a1]
0	1
quantity[w0,a2]
0	1
quantity[w1,a1]
0	1
quantity[w1,a2]
0	1
quantity[w2,a1]
0	1
quantity[w2,a2]
0	1
quantity[w3,a1]
0	1
quantity[w3,a2]
0	1
quantity[w4,a1]
0	1
quantity[w4,a2]
0	1
quantity[w5,a1]
0	1
quantity[w5,a2]
0	1
quantity[w6,a1]
0	1
quantity[w6,a2]
0	1
quantity[w7,a1]
0	1
quantity[w7,a2]
0	1
SAVEPER
0	0.125
0.125	0.125
0.25	0.125
0.375	0.125
0.5	0.125
0.625	0.125
0.75	0.125
0.875	0.125
1	0.125
1.125	0.125
1.25	0.125
1.375	0.125
1.5	0.125
1.625	0.125
1.75	0.125
1.875	0.125
2	0.125
2.125	0.125
2.25	0.125
2.375	0.125
2.5	0.125
2.625	0.125
2.75	0.125
2.875	0.125
3	0.125
3.125	0.125
3.25	0.125
3.375	0.125
3.5	0.125
3.625	0.125
3.75	0.125
3.875	0.125
4	0.125
4.125	0.125
4.25	0.125
4.375	0.125
4.5	0.125
4.625	0.125
4.75	0.125
4.875	0.125
5	0.125
5.125	0.125
5.25	0.125
5.375	0.125
5.5	0.125
5.625	0.125
5.75	0.125
5.875	0.125
6	0.125
6.125	0.125
6.25	0.125
6.375	0.125
6.5	0.125
6.625	0.125
6.75	0.125
6.875	0.125
7	0.125
7.125	0.125
7.25	0.125
7.375	0.125
7.5	0.125
7.625	0.125
7.75	0.125
7.875	0.125
8	0.125
8.125	0.125
8.25	0.125
8.375	0.125
8.5	0.125
8.625	0.125
8.75	0.125
8.875	0.125
9	0.125
9.125	0.125
9.25	0.125
9.375	0.125
9.5	0.125
9.625	0.125
9.75	0.125
9.875	0.125
10	0.125
10.125	0.125
10.25	0.125
10.375	0.125
10.5	0.125
10.625	0.125
10.75	0.125
10.875	0.125
11	0.125
11.125	0.125
11.25	0.125
11.375	0.125
11.5	0.125
11.625	0.125
11.75	0.125
11.875	0.125
12	0.125
sweep
0	0
0.125	0.0104167
0.25	0.0208333
0.375	0.03125
0.5	0.0416667
0.625	0.0520833
0.75	0.0625
0.875	0.0729167
1	0.0833333
1.125	0.09375
1.25	0.104167
1.375	0.114583
1.5	0.125
1.625	0.135417
1.75	0.145833
1.875	0.15625
2	0.166667
2.125	0.177083
2.25	0.1875
2.375	0.197917
2.5	0.208333
2.625	0.21875
2.75	0.229167
2.875	0.239583
3	0.25
3.125	0.260417
3.25	0.270833
3.375	0.28125
3.5	0.291667
3.625	0.302083
3.75	0.3125
3.875	0.322917
4	0.333333
4.125	0.34375
4.25	0.354167
4.375	0.364583
4.5	0.375
4.625	0.385417
4.75	0.395833
4.875	0.40625
5	0.416667
5.125	0.427083
5.25	0.4375
5.375	0.447917
5.5	0.458333
5.625	0.46875
5.75	0.479167
5.875	0.489583
6	0.5
6.125	0.510417
6.25	0.520833
6.375	0.53125
6.5	0.541667
6.625	0.552083
6.75	0.5625
6.875	0.572917
7	0.583333
7.125	0.59375
7.25	0.604167
7.375	0.614583
7.5	0.625
7.625	0.635417
7.75	0.645833
7.875	0.65625
8	0.666667
8.125	0.677083
8.25	0.6875
8.375	0.697917
8.5	0.708333
8.625	0.71875
8.75	0.729167
8.875	0.739583
9	0.75
9.125	0.760417
9.25	0.770833
9.375	0.78125
9.5	0.791667
9.625	0.802083
9.75	0.8125
9.875	0.822917
10	0.833333
10.125	0.84375
10.25	0.854167
10.375	0.864583
10.5	0.875
10.625	0.885417
10.75	0.895833
10.875	0.90625
11	0.916667
11.125	0.927083
11.25	0.9375
11.375	0.947917
11.5	0.958333
11.625	0.96875
11.75	0.979167
11.875	0.989583
12	1
test price
0	9.7
0.125	9.70687
0.25	9.71375
0.375	9.72062
0.5	9.7275
0.625	9.73437
0.75	9.74125
0.875	9.74812
1	9.755
1.125	9.76187
1.25	9.76875
1.375	9.77562
1.5	9.7825
1.625	9.78937
1.75	9.79625
1.875	9.80312
2	9.81
2.125	9.81687
2.25	9.82375
2.375	9.83062
2.5	9.8375
2.625	9.84437
2.75	9.85125
2.875	9.85812
3	9.865
3.125	9.87187
3.25	9.87875
3.375	9.88562
3.5	9.8925
3.625	9.89937
3.75	9.90625
3.875	9.91312
4	9.92
4.125	9.92687
4.25	9.93375
4.375	9.94062
4.5	9.9475
4.625	9.95437
4.75	9.96125
4.875	9.96812
5	9.975
5.125	9.98187
5.25	9.98875
5.375	9.99562
5.5	10.0025
5.625	10.0094
5.75	10.0163
5.875	10.0231
6	10.03
6.125	10.0369
6.25	10.0438
6.375	10.0506
6.5	10.0575
6.625	10.0644
6.75	10.0713
6.875	10.0781
7	10.085
7.125	10.0919
7.25	10.0988
7.375	10.1056
7.5	10.1125
7.625	10.1194
7.75	10.1263
7.875	10.1331
8	10.14
8.125	10.1469
8.25	10.1538
8.375	10.1606
8.5	10.1675
8.625	10.1744
8.75	10.1813
8.875	10.1881
9	10.195
9.125	10.2019
9.25	10.2088
9.375	10.2156
9.5	10.2225
9.625	10.2294
9.75	10.2363
9.875	10.2431
10	10.25
10.125	10.2569
10.25	10.2638
10.375	10.2706
10.5	10.2775
10.625	10.2844
10.75	10.2913
10.875	10.2981
11	10.305
11.125	10.3119
11.25	10.3188
11.375	10.3256
11.5	10.3325
11.625	10.3394
11.75	10.3463
11.875	10.3531
12	10.36
TIME STEP
0	0.125
width[w0]
0	0
width[w1]
0	0.001
width[w2]
0	0.01
width[w3]
0	0.03
width[w4]
0	0.05
width[w5]
0	0.06
width[w6]
0	0.1
width[w7]
0	1
